Counter(/EffortJointInterface_trajectory_gripper/follow_joint_trajectory/cancel),Messages-Age(/EffortJointInterface_trajectory_gripper/follow_joint_trajectory/cancel),Counter(/EffortJointInterface_trajectory_gripper/follow_joint_trajectory/feedback),Messages-Age(/EffortJointInterface_trajectory_gripper/follow_joint_trajectory/feedback),Counter(/EffortJointInterface_trajectory_gripper/follow_joint_trajectory/goal),Messages-Age(/EffortJointInterface_trajectory_gripper/follow_joint_trajectory/goal),Counter(/EffortJointInterface_trajectory_gripper/follow_joint_trajectory/result),Messages-Age(/EffortJointInterface_trajectory_gripper/follow_joint_trajectory/result),Counter(/EffortJointInterface_trajectory_gripper/follow_joint_trajectory/status),Messages-Age(/EffortJointInterface_trajectory_gripper/follow_joint_trajectory/status),Counter(/EffortJointInterface_trajectory_gripper/gains/panda_finger_joint1/parameter_descriptions),Messages-Age(/EffortJointInterface_trajectory_gripper/gains/panda_finger_joint1/parameter_descriptions),Counter(/EffortJointInterface_trajectory_gripper/gains/panda_finger_joint1/parameter_updates),Messages-Age(/EffortJointInterface_trajectory_gripper/gains/panda_finger_joint1/parameter_updates),Counter(/EffortJointInterface_trajectory_gripper/gains/panda_finger_joint2/parameter_descriptions),Messages-Age(/EffortJointInterface_trajectory_gripper/gains/panda_finger_joint2/parameter_descriptions),Counter(/EffortJointInterface_trajectory_gripper/gains/panda_finger_joint2/parameter_updates),Messages-Age(/EffortJointInterface_trajectory_gripper/gains/panda_finger_joint2/parameter_updates),Counter(/EffortJointInterface_trajectory_gripper/state),Messages-Age(/EffortJointInterface_trajectory_gripper/state),Counter(/PositionJointInterface_trajectory_controller/follow_joint_trajectory/cancel),Messages-Age(/PositionJointInterface_trajectory_controller/follow_joint_trajectory/cancel),Counter(/PositionJointInterface_trajectory_controller/follow_joint_trajectory/feedback),Messages-Age(/PositionJointInterface_trajectory_controller/follow_joint_trajectory/feedback),Counter(/PositionJointInterface_trajectory_controller/follow_joint_trajectory/goal),Messages-Age(/PositionJointInterface_trajectory_controller/follow_joint_trajectory/goal),Counter(/PositionJointInterface_trajectory_controller/follow_joint_trajectory/result),Messages-Age(/PositionJointInterface_trajectory_controller/follow_joint_trajectory/result),Counter(/PositionJointInterface_trajectory_controller/follow_joint_trajectory/status),Messages-Age(/PositionJointInterface_trajectory_controller/follow_joint_trajectory/status),Counter(/PositionJointInterface_trajectory_controller/state),Messages-Age(/PositionJointInterface_trajectory_controller/state),Counter(/camera/rgb_camera_info),Messages-Age(/camera/rgb_camera_info),Counter(/camera/rgb_image/compressed),Messages-Age(/camera/rgb_image/compressed),Counter(/camera/rgb_image/compressed/parameter_descriptions),Messages-Age(/camera/rgb_image/compressed/parameter_descriptions),Counter(/camera/rgb_image/compressed/parameter_updates),Messages-Age(/camera/rgb_image/compressed/parameter_updates),Counter(/camera/rgb_image/compressedDepth/parameter_descriptions),Messages-Age(/camera/rgb_image/compressedDepth/parameter_descriptions),Counter(/camera/rgb_image/compressedDepth/parameter_updates),Messages-Age(/camera/rgb_image/compressedDepth/parameter_updates),Counter(/camera/rgb_image/theora),Messages-Age(/camera/rgb_image/theora),Counter(/camera/rgb_image/theora/parameter_descriptions),Messages-Age(/camera/rgb_image/theora/parameter_descriptions),Counter(/camera/rgb_image/theora/parameter_updates),Messages-Age(/camera/rgb_image/theora/parameter_updates),Counter(/camera_ir/depth/camera_info),Messages-Age(/camera_ir/depth/camera_info),Counter(/camera_ir/parameter_descriptions),Messages-Age(/camera_ir/parameter_descriptions),Counter(/camera_ir/parameter_updates),Messages-Age(/camera_ir/parameter_updates),Counter(/clock),Messages-Age(/clock),Counter(/execute_trajectory/feedback),Messages-Age(/execute_trajectory/feedback),Counter(/execute_trajectory/goal),Messages-Age(/execute_trajectory/goal),Counter(/execute_trajectory/result),Messages-Age(/execute_trajectory/result),Counter(/execute_trajectory/status),Messages-Age(/execute_trajectory/status),Counter(/joint_states),Messages-Age(/joint_states),Counter(/move_group/display_planned_path),Messages-Age(/move_group/display_planned_path),Counter(/move_group/feedback),Messages-Age(/move_group/feedback),Counter(/move_group/goal),Messages-Age(/move_group/goal),Counter(/move_group/monitored_planning_scene),Messages-Age(/move_group/monitored_planning_scene),Counter(/move_group/ompl/parameter_descriptions),Messages-Age(/move_group/ompl/parameter_descriptions),Counter(/move_group/ompl/parameter_updates),Messages-Age(/move_group/ompl/parameter_updates),Counter(/move_group/plan_execution/parameter_descriptions),Messages-Age(/move_group/plan_execution/parameter_descriptions),Counter(/move_group/plan_execution/parameter_updates),Messages-Age(/move_group/plan_execution/parameter_updates),Counter(/move_group/planning_scene_monitor/parameter_descriptions),Messages-Age(/move_group/planning_scene_monitor/parameter_descriptions),Counter(/move_group/planning_scene_monitor/parameter_updates),Messages-Age(/move_group/planning_scene_monitor/parameter_updates),Counter(/move_group/result),Messages-Age(/move_group/result),Counter(/move_group/sense_for_plan/parameter_descriptions),Messages-Age(/move_group/sense_for_plan/parameter_descriptions),Counter(/move_group/sense_for_plan/parameter_updates),Messages-Age(/move_group/sense_for_plan/parameter_updates),Counter(/move_group/status),Messages-Age(/move_group/status),Counter(/move_group/trajectory_execution/parameter_descriptions),Messages-Age(/move_group/trajectory_execution/parameter_descriptions),Counter(/move_group/trajectory_execution/parameter_updates),Messages-Age(/move_group/trajectory_execution/parameter_updates),Counter(/pickup/status),Messages-Age(/pickup/status),Counter(/place/status),Messages-Age(/place/status),Counter(/rosout),Messages-Age(/rosout),Counter(/rosout_agg),Messages-Age(/rosout_agg),Counter(/statistics),Messages-Age(/statistics),Counter(/tf),Messages-Age(/tf),Counter(/tf_static),Messages-Age(/tf_static),panda_finger_joint1 position,panda_finger_joint2 position,panda_joint1 position,panda_joint2 position,panda_joint3 position,panda_joint4 position,panda_joint5 position,panda_joint6 position,panda_joint7 position,panda_finger_joint1 velocity,panda_finger_joint2 velocity,panda_joint1 velocity,panda_joint2 velocity,panda_joint3 velocity,panda_joint4 velocity,panda_joint5 velocity,panda_joint6 velocity,panda_joint7 velocity,panda_finger_joint1 effort,panda_finger_joint2 effort,panda_joint1 effort,panda_joint2 effort,panda_joint3 effort,panda_joint4 effort,panda_joint5 effort,panda_joint6 effort,panda_joint7 effort,/EffortJointInterface_trajectory_gripper/follow_joint_trajectory/cancel Active Connections,/EffortJointInterface_trajectory_gripper/follow_joint_trajectory/cancel Dropped,/EffortJointInterface_trajectory_gripper/follow_joint_trajectory/feedback Active Connections,/EffortJointInterface_trajectory_gripper/follow_joint_trajectory/feedback Dropped,/EffortJointInterface_trajectory_gripper/follow_joint_trajectory/goal Active Connections,/EffortJointInterface_trajectory_gripper/follow_joint_trajectory/goal Dropped,/EffortJointInterface_trajectory_gripper/follow_joint_trajectory/result Active Connections,/EffortJointInterface_trajectory_gripper/follow_joint_trajectory/result Dropped,/EffortJointInterface_trajectory_gripper/follow_joint_trajectory/status Active Connections,/EffortJointInterface_trajectory_gripper/follow_joint_trajectory/status Dropped,/EffortJointInterface_trajectory_gripper/gains/panda_finger_joint1/parameter_descriptions Active Connections,/EffortJointInterface_trajectory_gripper/gains/panda_finger_joint1/parameter_descriptions Dropped,/EffortJointInterface_trajectory_gripper/gains/panda_finger_joint1/parameter_updates Active Connections,/EffortJointInterface_trajectory_gripper/gains/panda_finger_joint1/parameter_updates Dropped,/EffortJointInterface_trajectory_gripper/gains/panda_finger_joint2/parameter_descriptions Active Connections,/EffortJointInterface_trajectory_gripper/gains/panda_finger_joint2/parameter_descriptions Dropped,/EffortJointInterface_trajectory_gripper/gains/panda_finger_joint2/parameter_updates Active Connections,/EffortJointInterface_trajectory_gripper/gains/panda_finger_joint2/parameter_updates Dropped,/EffortJointInterface_trajectory_gripper/state Active Connections,/EffortJointInterface_trajectory_gripper/state Dropped,/PositionJointInterface_trajectory_controller/follow_joint_trajectory/cancel Active Connections,/PositionJointInterface_trajectory_controller/follow_joint_trajectory/cancel Dropped,/PositionJointInterface_trajectory_controller/follow_joint_trajectory/feedback Active Connections,/PositionJointInterface_trajectory_controller/follow_joint_trajectory/feedback Dropped,/PositionJointInterface_trajectory_controller/follow_joint_trajectory/goal Active Connections,/PositionJointInterface_trajectory_controller/follow_joint_trajectory/goal Dropped,/PositionJointInterface_trajectory_controller/follow_joint_trajectory/result Active Connections,/PositionJointInterface_trajectory_controller/follow_joint_trajectory/result Dropped,/PositionJointInterface_trajectory_controller/follow_joint_trajectory/status Active Connections,/PositionJointInterface_trajectory_controller/follow_joint_trajectory/status Dropped,/PositionJointInterface_trajectory_controller/state Active Connections,/PositionJointInterface_trajectory_controller/state Dropped,/camera/rgb_camera_info Active Connections,/camera/rgb_camera_info Dropped,/camera/rgb_image/compressed Active Connections,/camera/rgb_image/compressed Dropped,/camera/rgb_image/compressed/parameter_descriptions Active Connections,/camera/rgb_image/compressed/parameter_descriptions Dropped,/camera/rgb_image/compressed/parameter_updates Active Connections,/camera/rgb_image/compressed/parameter_updates Dropped,/camera/rgb_image/compressedDepth/parameter_descriptions Active Connections,/camera/rgb_image/compressedDepth/parameter_descriptions Dropped,/camera/rgb_image/compressedDepth/parameter_updates Active Connections,/camera/rgb_image/compressedDepth/parameter_updates Dropped,/camera/rgb_image/theora Active Connections,/camera/rgb_image/theora Dropped,/camera/rgb_image/theora/parameter_descriptions Active Connections,/camera/rgb_image/theora/parameter_descriptions Dropped,/camera/rgb_image/theora/parameter_updates Active Connections,/camera/rgb_image/theora/parameter_updates Dropped,/camera_ir/depth/camera_info Active Connections,/camera_ir/depth/camera_info Dropped,/camera_ir/parameter_descriptions Active Connections,/camera_ir/parameter_descriptions Dropped,/camera_ir/parameter_updates Active Connections,/camera_ir/parameter_updates Dropped,/clock Active Connections,/clock Dropped,/execute_trajectory/feedback Active Connections,/execute_trajectory/feedback Dropped,/execute_trajectory/goal Active Connections,/execute_trajectory/goal Dropped,/execute_trajectory/result Active Connections,/execute_trajectory/result Dropped,/execute_trajectory/status Active Connections,/execute_trajectory/status Dropped,/joint_states Active Connections,/joint_states Dropped,/move_group/display_planned_path Active Connections,/move_group/display_planned_path Dropped,/move_group/feedback Active Connections,/move_group/feedback Dropped,/move_group/goal Active Connections,/move_group/goal Dropped,/move_group/monitored_planning_scene Active Connections,/move_group/monitored_planning_scene Dropped,/move_group/ompl/parameter_descriptions Active Connections,/move_group/ompl/parameter_descriptions Dropped,/move_group/ompl/parameter_updates Active Connections,/move_group/ompl/parameter_updates Dropped,/move_group/plan_execution/parameter_descriptions Active Connections,/move_group/plan_execution/parameter_descriptions Dropped,/move_group/plan_execution/parameter_updates Active Connections,/move_group/plan_execution/parameter_updates Dropped,/move_group/planning_scene_monitor/parameter_descriptions Active Connections,/move_group/planning_scene_monitor/parameter_descriptions Dropped,/move_group/planning_scene_monitor/parameter_updates Active Connections,/move_group/planning_scene_monitor/parameter_updates Dropped,/move_group/result Active Connections,/move_group/result Dropped,/move_group/sense_for_plan/parameter_descriptions Active Connections,/move_group/sense_for_plan/parameter_descriptions Dropped,/move_group/sense_for_plan/parameter_updates Active Connections,/move_group/sense_for_plan/parameter_updates Dropped,/move_group/status Active Connections,/move_group/status Dropped,/move_group/trajectory_execution/parameter_descriptions Active Connections,/move_group/trajectory_execution/parameter_descriptions Dropped,/move_group/trajectory_execution/parameter_updates Active Connections,/move_group/trajectory_execution/parameter_updates Dropped,/pickup/status Active Connections,/pickup/status Dropped,/place/status Active Connections,/place/status Dropped,/rosout Active Connections,/rosout Dropped,/rosout_agg Active Connections,/rosout_agg Dropped,/statistics Active Connections,/statistics Dropped,/tf Active Connections,/tf Dropped,/tf_static Active Connections,/tf_static Dropped
0,0.0,0,0.0,0,0.0,0,0.0,5,87400000.0,1,0.0,1,0.0,1,0.0,1,0.0,17,23117647.0588,0,0.0,0,0.0,0,0.0,0,0.0,4,38000000.0,12,583333.333333,0,0.0,0,0.0,1,0.0,1,0.0,1,0.0,1,0.0,0,0.0,1,0.0,1,0.0,0,0.0,1,0.0,1,0.0,515,0.0,0,0.0,0,0.0,0,0.0,3,36333333.3333,27,2481481.48148,1,0.0,0,0.0,0,0.0,2,0.0,1,0.0,1,0.0,1,0.0,1,0.0,1,0.0,1,0.0,0,0.0,1,0.0,1,0.0,3,57000000.0,1,0.0,1,0.0,4,69500000.0,4,67000000.0,37,1676513513.51,0,0.0,2,0.0,32,0.0,1,0.0,0.0399267627691,0.0399167557101,-2.80312403747e-05,2.7460151457e-05,-1.5671888501e-05,-0.0698038876383,-1.34924713838e-05,1.25508979241e-05,0.785299769872,-8.95460114176e-06,8.01329688285e-06,0.0,0.0,0.0,0.0,0.0,0.0,0.0,-6.39108579157e-06,6.39034438253e-06,-1.37440697215e-05,0.00267512848168,-0.00219677494923,-0.00388764053369,0.00228561171016,-0.00104312436407,-0.000230129574074,0,0,0,0,0,0,0,0,0,0,0,0,0,0,0,0,0,0,0,0,0,0,0,0,0,0,0,0,0,0,0,0,0,0,0,0,0,0,0,0,0,0,0,0,0,0,0,0,0,0,0,0,0,0,0,0,0,0,0,0,0,0,0,0,0,0,0,0,0,0,0,0,0,0,0,0,0,0,0,0,0,0,0,0,0,0,0,0,0,0,0,0,0,0,0,0,0,0,0,0,1,0,1,0,0,0,0,0,0,0,0,0,0,0
0,0.0,0,0.0,0,0.0,0,0.0,2,2500000.0,0,0.0,0,0.0,0,0.0,0,0.0,12,500000.0,0,0.0,0,0.0,0,0.0,0,0.0,2,2500000.0,12,833333.333333,2,572000000.0,1,907000000.0,0,0.0,0,0.0,0,0.0,0,0.0,4,918500000.0,0,0.0,0,0.0,1,859000000.0,0,0.0,0,0.0,491,0.0,0,0.0,0,0.0,0,0.0,3,-666666.666667,25,480000.0,0,0.0,0,0.0,0,0.0,2,0.0,0,0.0,0,0.0,0,0.0,0,0.0,0,0.0,0,0.0,0,0.0,0,0.0,0,0.0,3,333333.333333,0,0.0,0,0.0,3,-1000000.0,3,333333.333333,2,3000000.0,2,4500000.0,8,0.0,26,0.0,0,0.0,0.0399267627828,0.0399167556998,-2.80312651136e-05,2.74600854842e-05,-1.56718893056e-05,-0.0698038876382,-1.34924722709e-05,1.25508978711e-05,0.785299769872,-8.95460177711e-06,8.01329743597e-06,0.0,0.0,0.0,0.0,0.0,0.0,0.0,-6.39149596804e-06,6.39075445682e-06,-1.37635900531e-05,0.0026751281026,-0.00219677503325,-0.00388764046849,0.00228561173376,-0.00104312434868,-0.000230129599863,0,0,0,0,0,0,0,0,1,0,0,0,0,0,0,0,0,0,1,0,0,0,0,0,0,0,0,0,0,0,0,0,0,0,0,0,0,0,0,0,0,0,0,0,0,0,0,0,0,0,0,0,0,0,0,0,0,0,0,0,0,0,0,0,1,0,1,0,0,0,0,0,0,0,0,0,0,0,0,0,0,0,0,0,0,0,0,0,0,0,0,0,0,0,0,0,0,0,0,0,1,0,1,0,0,0,0,0,0,0,2,0,0,0
0,0.0,0,0.0,0,0.0,0,0.0,3,6333333.33333,0,0.0,0,0.0,0,0.0,0,0.0,12,3916666.66667,0,0.0,0,0.0,0,0.0,0,0.0,3,6333333.33333,12,3833333.33333,1,254000000.0,2,286500000.0,0,0.0,0,0.0,0,0.0,0,0.0,1,483000000.0,0,0.0,0,0.0,2,271000000.0,0,0.0,0,0.0,479,0.0,0,0.0,0,0.0,0,0.0,2,3000000.0,23,2608695.65217,0,0.0,0,0.0,0,0.0,2,0.0,0,0.0,0,0.0,0,0.0,0,0.0,0,0.0,0,0.0,0,0.0,0,0.0,0,0.0,2,1000000.0,0,0.0,0,0.0,2,0.0,2,-500000.0,2,27500000.0,2,27500000.0,8,0.0,24,0.0,0,0.0,0.0399267627961,0.0399167556898,-2.80312903975e-05,2.74600205467e-05,-1.56718901097e-05,-0.0698038876381,-1.34924732391e-05,1.25508977341e-05,0.785299769872,-8.95460271189e-06,8.01329835317e-06,0.0,0.0,0.0,0.0,0.0,0.0,0.0,-6.39189566596e-06,6.39115413283e-06,-1.37826112257e-05,0.00267512768718,-0.00219677511181,-0.00388764040054,0.00228561176335,-0.00104312432441,-0.000230129612337,0,0,0,0,0,0,0,0,0,0,0,0,0,0,0,0,0,0,0,0,0,0,0,0,0,0,0,0,1,0,1,0,0,0,0,0,0,0,0,0,0,0,0,0,0,0,0,0,0,0,0,0,0,0,0,0,0,0,0,0,0,0,0,0,1,0,0,0,0,0,0,0,0,0,1,0,0,0,0,0,0,0,0,0,0,0,0,0,0,0,0,0,0,0,1,0,0,0,0,0,0,0,0,0,1,0,0,0,0,0,0,0,0,0
0,0.0,0,0.0,0,0.0,0,0.0,2,5000000.0,0,0.0,0,0.0,0,0.0,0,0.0,12,916666.666667,0,0.0,0,0.0,0,0.0,0,0.0,2,5000000.0,12,916666.666667,2,184500000.0,1,251000000.0,0,0.0,0,0.0,0,0.0,0,0.0,2,329000000.0,0,0.0,0,0.0,2,189000000.0,0,0.0,0,0.0,500,0.0,0,0.0,0,0.0,0,0.0,3,0.0,25,560000.0,0,0.0,1,0.0,1,1000000.0,1,0.0,0,0.0,0,0.0,0,0.0,0,0.0,0,0.0,0,0.0,0,0.0,0,0.0,0,0.0,4,0.0,0,0.0,0,0.0,3,-1000000.0,3,333333.333333,7,4714285.71429,7,4714285.71429,12,0.0,25,0.0,0,0.0,0.0399267628088,0.0399167556803,-2.80313154775e-05,2.74599584129e-05,-1.56718908893e-05,-0.0698038876381,-1.34924742568e-05,1.25508975207e-05,0.785299769872,-8.95460359237e-06,8.01329924286e-06,0.0,0.0,0.0,0.0,0.0,0.0,0.0,-6.39227414267e-06,6.39153259304e-06,-1.3800627677e-05,0.00267512724919,-0.00219677518295,-0.00388764033184,0.00228561179777,-0.00104312429243,-0.000230129611906,0,0,0,0,0,0,0,0,0,0,0,0,0,0,0,0,0,0,1,0,0,0,0,0,0,0,0,0,0,0,0,0,1,0,1,0,0,0,0,0,0,0,0,0,1,0,0,0,0,0,1,0,0,0,0,0,0,0,0,0,0,0,0,0,0,0,1,0,0,0,1,0,0,0,0,0,0,0,0,0,0,0,0,0,0,0,0,0,0,0,0,0,0,0,0,0,0,0,0,0,0,0,0,0,0,0,1,0,0,0,2,0,0,0
0,0.0,0,0.0,0,0.0,0,0.0,3,1666666.66667,0,0.0,0,0.0,0,0.0,0,0.0,13,1307692.30769,0,0.0,3,666666.666667,1,5000000.0,0,0.0,4,2000000.0,13,1307692.30769,1,209000000.0,2,191000000.0,0,0.0,0,0.0,0,0.0,0,0.0,2,283500000.0,0,0.0,0,0.0,1,209000000.0,0,0.0,0,0.0,500,0.0,1,0.0,1,0.0,0,0.0,3,1000000.0,25,1080000.0,1,0.0,1,0.0,0,0.0,2,0.0,0,0.0,0,0.0,0,0.0,0,0.0,0,0.0,0,0.0,1,0.0,0,0.0,0,0.0,3,666666.666667,0,0.0,0,0.0,2,3500000.0,2,1500000.0,6,3500000.0,6,3500000.0,9,0.0,25,0.0,0,0.0,0.0399267701062,0.039916748902,3.23746998505e-05,-8.74743369376e-06,-1.2246794803e-05,-0.0698038876283,-1.34747892045e-05,0.000476636039519,0.785196226758,-9.36276547668e-06,8.45068496697e-06,0.0,0.0,0.0,0.0,0.0,0.0,0.0,-6.19285326595e-06,6.21430592669e-06,-1.38631625449e-05,0.00267491694713,-0.00219669378066,-0.0038876305302,0.00228580075862,-0.00104311835705,-0.000230522522335,0,0,0,0,0,0,0,0,0,0,0,0,0,0,0,0,0,0,0,0,0,0,0,0,0,0,0,0,0,0,1,0,0,0,0,0,0,0,0,0,0,0,0,0,0,0,0,0,0,0,0,0,0,0,0,0,0,0,1,0,0,0,0,0,0,0,0,0,1,0,0,0,0,0,0,0,0,0,0,0,0,0,0,0,0,0,0,0,1,0,0,0,0,0,1,0,0,0,0,0,1,0,0,0,1,0,0,0,0,0,0,0,0,0
0,0.0,0,0.0,0,0.0,0,0.0,2,19500000.0,0,0.0,0,0.0,0,0.0,0,0.0,12,4083333.33333,0,0.0,15,5266666.66667,0,0.0,0,0.0,2,19500000.0,12,4083333.33333,2,170000000.0,1,189000000.0,0,0.0,0,0.0,0,0.0,0,0.0,2,255000000.0,0,0.0,0,0.0,2,170000000.0,0,0.0,0,0.0,491,0.0,0,0.0,0,0.0,0,0.0,3,0.0,25,2960000.0,0,0.0,0,0.0,0,0.0,2,0.0,0,0.0,0,0.0,0,0.0,0,0.0,0,0.0,0,0.0,0,0.0,0,0.0,0,0.0,3,333333.333333,0,0.0,0,0.0,3,0.0,3,7000000.0,1,21000000.0,2,18000000.0,8,0.0,25,0.0,0,0.0,0.0399303435639,0.0399138617135,0.00921068914677,-0.00514733249771,0.00044890647838,-0.14588212242,3.23728821543e-05,0.0784395051599,0.767920037167,-9.81524376012e-05,0.000101475530588,0.0,0.0,0.0,0.0,0.0,0.0,0.0,-2.42091974598e-05,2.82653861931e-05,-3.97996076753e-05,0.00325167906592,-0.00295035291303,-0.00483162225302,0.00279847217903,-0.00137844982244,-0.000356111216051,0,0,0,0,0,0,0,0,1,0,0,0,0,0,0,0,0,0,1,0,0,0,0,0,0,0,0,0,0,0,0,0,0,0,0,0,0,0,0,0,0,0,0,0,0,0,0,0,0,0,0,0,0,0,0,0,0,0,0,0,0,0,0,0,1,0,1,0,0,0,0,0,0,0,0,0,0,0,0,0,0,0,0,0,0,0,0,0,0,0,0,0,0,0,0,0,0,0,0,0,0,0,2,0,0,0,0,0,0,0,2,0,0,0
0,0.0,0,0.0,0,0.0,0,0.0,3,4666666.66667,0,0.0,0,0.0,0,0.0,0,0.0,13,3769230.76923,0,0.0,15,3466666.66667,0,0.0,0,0.0,3,4666666.66667,13,3692307.69231,2,177500000.0,2,219500000.0,0,0.0,0,0.0,0,0.0,0,0.0,2,258000000.0,0,0.0,0,0.0,2,177500000.0,0,0.0,0,0.0,496,0.0,0,0.0,0,0.0,0,0.0,2,500000.0,25,3480000.0,0,0.0,0,0.0,0,0.0,2,0.0,0,0.0,0,0.0,0,0.0,0,0.0,0,0.0,0,0.0,0,0.0,0,0.0,0,0.0,2,4000000.0,0,0.0,0,0.0,2,5000000.0,2,5000000.0,2,4500000.0,2,12500000.0,9,0.0,25,0.0,0,0.0,0.0399485479962,0.039899762928,0.0439062194476,-0.0245830830266,0.00219180578149,-0.456121820762,0.000195797487071,0.373134814689,0.702617916971,-0.000402057605171,0.000414751209499,0.0,0.0,0.0,0.0,0.0,0.0,0.0,-0.000266197894902,0.000278696857674,-0.000200414898251,0.00572714195424,-0.00656014517509,-0.00891820176614,0.00522901899331,-0.00284060830382,-0.000618715173943,0,0,0,0,0,0,0,0,0,0,0,0,0,0,0,0,0,0,0,0,0,0,1,0,0,0,0,0,1,0,1,0,0,0,0,0,0,0,0,0,0,0,0,0,0,0,0,0,0,0,0,0,0,0,0,0,0,0,0,0,0,0,0,0,1,0,0,0,0,0,0,0,0,0,1,0,0,0,0,0,0,0,0,0,0,0,0,0,0,0,0,0,0,0,1,0,0,0,0,0,1,0,0,0,0,0,0,0,0,0,0,0,0,0
0,0.0,0,0.0,0,0.0,0,0.0,2,1500000.0,0,0.0,0,0.0,0,0.0,0,0.0,12,1750000.0,0,0.0,15,3133333.33333,0,0.0,0,0.0,2,1500000.0,11,909090.909091,2,190000000.0,1,215000000.0,0,0.0,0,0.0,0,0.0,0,0.0,1,328000000.0,0,0.0,0,0.0,2,196500000.0,0,0.0,0,0.0,483,0.0,0,0.0,0,0.0,0,0.0,3,0.0,24,1416666.66667,0,0.0,0,0.0,0,0.0,2,0.0,0,0.0,0,0.0,0,0.0,0,0.0,0,0.0,0,0.0,0,0.0,0,0.0,0,0.0,3,333333.333333,0,0.0,0,0.0,3,1000000.0,3,2666666.66667,1,0.0,1,4000000.0,10,0.0,24,0.0,0,0.0,0.0399831694923,0.0398734012529,0.103098841396,-0.0577449844993,0.00516911730781,-0.976603403751,0.000473900310188,0.875845688049,0.591221347259,-0.000694660101075,0.0007166387125,0.0,0.0,0.0,0.0,0.0,0.0,0.0,-0.00101250930879,0.00103156189147,-0.000613085590071,0.00940953510405,-0.0122293763157,-0.0150592087636,0.00841472189168,-0.00468197316647,-0.000482043272809,0,0,0,0,0,0,0,0,0,0,0,0,0,0,0,0,0,0,1,0,0,0,0,0,0,0,0,0,0,0,0,0,1,0,1,0,0,0,0,0,0,0,0,0,0,0,0,0,0,0,1,0,0,0,0,0,0,0,0,0,0,0,0,0,0,0,0,0,0,0,0,0,0,0,0,0,0,0,0,0,0,0,0,0,0,0,0,0,0,0,0,0,0,0,0,0,0,0,0,0,0,0,0,0,0,0,1,0,0,0,2,0,0,0
0,0.0,0,0.0,0,0.0,0,0.0,3,3666666.66667,0,0.0,0,0.0,0,0.0,0,0.0,13,1538461.53846,0,0.0,15,1533333.33333,0,0.0,0,0.0,3,3666666.66667,13,1461538.46154,1,259000000.0,1,273000000.0,0,0.0,0,0.0,0,0.0,0,0.0,2,337000000.0,0,0.0,0,0.0,1,263000000.0,0,0.0,0,0.0,500,0.0,0,0.0,0,0.0,0,0.0,2,-1000000.0,25,880000.0,0,0.0,0,0.0,0,0.0,2,0.0,0,0.0,0,0.0,0,0.0,0,0.0,0,0.0,0,0.0,0,0.0,0,0.0,0,0.0,2,0.0,0,0.0,0,0.0,2,3000000.0,2,1000000.0,1,8000000.0,1,8000000.0,8,0.0,24,0.0,0,0.0,0.0400138719889,0.0398507563578,0.169445122396,-0.094916335839,0.00850893918847,-1.5599843222,0.000783370846488,1.43931193797,0.466362251543,-0.000767664201535,0.000783057850845,0.0,0.0,0.0,0.0,0.0,0.0,0.0,-0.00186119612989,0.00187158965355,-0.00101812159111,0.0117999235257,-0.0158900362578,-0.0195557660145,0.00975295844776,-0.00544911475842,-0.000253505734617,0,0,0,0,0,0,0,0,0,0,0,0,0,0,0,0,0,0,0,0,0,0,1,0,0,0,0,0,0,0,1,0,0,0,0,0,0,0,0,0,0,0,0,0,1,0,0,0,0,0,0,0,0,0,0,0,0,0,0,0,0,0,0,0,0,0,1,0,0,0,0,0,0,0,0,0,0,0,0,0,0,0,0,0,0,0,0,0,0,0,0,0,0,0,1,0,0,0,0,0,1,0,0,0,0,0,0,0,0,0,0,0,0,0
0,0.0,0,0.0,0,0.0,0,0.0,2,500000.0,0,0.0,0,0.0,0,0.0,0,0.0,12,1500000.0,0,0.0,15,1733333.33333,0,0.0,0,0.0,2,500000.0,12,1166666.66667,2,156500000.0,2,166500000.0,0,0.0,0,0.0,0,0.0,0,0.0,2,220500000.0,0,0.0,0,0.0,2,157500000.0,0,0.0,0,0.0,500,0.0,0,0.0,0,0.0,0,0.0,3,333333.333333,25,1280000.0,0,0.0,0,0.0,0,0.0,2,0.0,0,0.0,0,0.0,0,0.0,0,0.0,0,0.0,0,0.0,0,0.0,0,0.0,0,0.0,3,-333333.333333,0,0.0,0,0.0,3,-666666.666667,3,-666666.666667,2,4500000.0,2,4500000.0,4,0.0,25,0.0,0,0.0,0.0400157901461,0.0398500571608,0.224550339704,-0.125791613732,0.0112855957368,-2.04451893978,0.00103869057927,1.90730985826,0.362658188706,-0.000488372423023,0.000488963661394,0.0,0.0,0.0,0.0,0.0,0.0,0.0,-0.00219863681938,0.00219425048491,-0.00123015000088,0.0118390357328,-0.0162228434838,-0.0204381903629,0.00914145387364,-0.00515122962543,-0.000168424433864,0,0,0,0,0,0,0,0,0,0,0,0,0,0,0,0,0,0,0,0,0,0,0,0,0,0,0,0,0,0,0,0,0,0,0,0,0,0,0,0,0,0,0,0,0,0,0,0,0,0,0,0,0,0,0,0,0,0,0,0,0,0,0,0,1,0,0,0,0,0,0,0,0,0,0,0,0,0,0,0,0,0,0,0,0,0,0,0,0,0,0,0,0,0,0,0,0,0,0,0,0,0,1,0,0,0,0,0,0,0,2,0,0,0
0,0.0,0,0.0,0,0.0,0,0.0,3,1333333.33333,0,0.0,0,0.0,0,0.0,0,0.0,13,1769230.76923,0,0.0,15,2666666.66667,0,0.0,0,0.0,3,1333333.33333,13,1769230.76923,2,147000000.0,2,163500000.0,0,0.0,0,0.0,0,0.0,0,0.0,2,256000000.0,0,0.0,0,0.0,2,147000000.0,0,0.0,0,0.0,499,0.0,0,0.0,0,0.0,0,0.0,2,4000000.0,25,1640000.0,0,0.0,0,0.0,0,0.0,2,0.0,0,0.0,0,0.0,0,0.0,0,0.0,0,0.0,0,0.0,0,0.0,0,0.0,0,0.0,2,1000000.0,0,0.0,0,0.0,2,0.0,2,-500000.0,2,4500000.0,2,4500000.0,12,0.0,25,0.0,0,0.0,0.0400004291919,0.0398617900338,0.257981973698,-0.144524045145,0.0129714562769,-2.33847753582,0.00119285387549,2.1912379113,0.299742354348,-9.29816948675e-05,8.81856334576e-05,0.0,0.0,0.0,0.0,0.0,0.0,0.0,-0.00213302475806,0.00212551232163,-0.00127206055485,0.0110213612005,-0.0151221475223,-0.0193394051361,0.008029821801,-0.00456967588363,-0.000177805365522,0,0,0,0,0,0,0,0,1,0,0,0,0,0,0,0,0,0,1,0,0,0,1,0,0,0,0,0,1,0,1,0,0,0,0,0,0,0,0,0,0,0,0,0,0,0,0,0,0,0,0,0,0,0,0,0,0,0,0,0,0,0,0,0,0,0,1,0,0,0,0,0,0,0,0,0,0,0,0,0,0,0,0,0,0,0,0,0,0,0,0,0,0,0,1,0,0,0,0,0,1,0,1,0,1,0,0,0,0,0,0,0,0,0
0,0.0,0,0.0,0,0.0,0,0.0,2,4000000.0,0,0.0,0,0.0,0,0.0,0,0.0,12,2166666.66667,1,0.0,15,3533333.33333,1,0.0,1,3000000.0,5,2800000.0,12,2000000.0,2,166500000.0,2,178500000.0,0,0.0,0,0.0,0,0.0,0,0.0,2,239000000.0,0,0.0,0,0.0,2,170000000.0,0,0.0,0,0.0,481,0.0,2,2000000.0,1,1000000.0,1,2000000.0,5,1000000.0,25,3160000.0,1,0.0,0,0.0,0,0.0,2,0.0,0,0.0,0,0.0,0,0.0,0,0.0,0,0.0,0,0.0,0,0.0,0,0.0,0,0.0,3,666666.666667,0,0.0,0,0.0,3,2666666.66667,3,-1333333.33333,13,1384615.38462,13,1384615.38462,11,0.0,25,0.0,0,0.0,0.0399919996433,0.0398678479055,0.267734232277,-0.150037110182,0.0134076036389,-2.42397723142,0.00141651106737,2.27376655993,0.281182151926,7.83256079871e-05,-7.8834782784e-05,0.0,0.0,0.0,0.0,0.0,0.0,0.0,-0.00205076799912,0.00204952602872,-0.00127249588375,0.0106648709984,-0.014606776139,-0.0187958909802,0.007614402326,-0.00434262203948,-0.000199066179509,0,0,0,0,0,0,0,0,0,0,0,0,0,0,0,0,0,0,0,0,0,0,0,0,1,0,0,0,0,0,0,0,0,0,0,0,0,0,0,0,0,0,0,0,0,0,0,0,0,0,0,0,0,0,0,0,0,0,2,0,1,0,1,0,1,0,0,0,1,0,0,0,0,0,0,0,0,0,0,0,0,0,0,0,0,0,0,0,0,0,0,0,0,0,0,0,0,0,0,0,0,0,0,0,1,0,1,0,0,0,2,0,0,0
0,0.0,0,0.0,0,0.0,0,0.0,3,1333333.33333,0,0.0,0,0.0,0,0.0,0,0.0,13,2230769.23077,0,0.0,15,3000000.0,0,0.0,0,0.0,3,666666.666667,13,2076923.07692,3,159333333.333,3,172333333.333,0,0.0,0,0.0,0,0.0,0,0.0,2,220000000.0,0,0.0,0,0.0,3,159666666.667,0,0.0,0,0.0,495,0.0,0,0.0,0,0.0,0,0.0,2,7000000.0,25,1680000.0,0,0.0,0,0.0,0,0.0,2,0.0,0,0.0,0,0.0,0,0.0,0,0.0,0,0.0,0,0.0,0,0.0,0,0.0,0,0.0,2,2500000.0,0,0.0,0,0.0,2,1500000.0,2,0.0,2,500000.0,2,500000.0,6,0.0,25,0.0,0,0.0,0.0399940170969,0.0398662503156,0.268002123067,-0.141043190369,0.0131174079959,-2.43145640603,0.00249030011502,2.29039432354,0.279352694011,-4.97518108671e-07,1.46563122148e-06,0.0,0.0,0.0,0.0,0.0,0.0,0.0,-0.0020324504706,0.00203313830636,-0.00127652737887,0.0106985770645,-0.0145931114265,-0.018756354807,0.0075418686772,-0.0043008996273,-0.00019915334511,0,0,0,0,0,0,0,0,0,0,0,0,0,0,0,0,0,0,0,0,0,0,1,0,0,0,0,0,0,0,1,0,0,0,0,0,0,0,0,0,0,0,0,0,0,0,0,0,0,0,0,0,0,0,0,0,0,0,0,0,0,0,0,0,0,0,1,0,0,0,0,0,0,0,0,0,0,0,0,0,0,0,0,0,0,0,0,0,0,0,0,0,0,0,1,0,0,0,0,0,0,0,0,0,0,0,0,0,0,0,0,0,0,0
0,0.0,0,0.0,0,0.0,0,0.0,2,4500000.0,0,0.0,0,0.0,0,0.0,0,0.0,13,538461.538462,0,0.0,15,3066666.66667,0,0.0,0,0.0,2,4500000.0,13,384615.384615,2,140500000.0,2,150500000.0,0,0.0,0,0.0,0,0.0,0,0.0,2,241000000.0,0,0.0,0,0.0,2,140500000.0,0,0.0,0,0.0,488,0.0,0,0.0,0,0.0,0,0.0,3,-3333333.33333,26,615384.615385,0,0.0,0,0.0,0,0.0,2,0.0,0,0.0,0,0.0,0,0.0,0,0.0,0,0.0,0,0.0,0,0.0,0,0.0,0,0.0,3,1000000.0,0,0.0,0,0.0,3,4333333.33333,3,2000000.0,2,19500000.0,2,19500000.0,4,0.0,23,0.0,0,0.0,0.0399917001935,0.0398681052252,0.267920675439,-0.0963533991675,0.0133003118407,-2.45739605234,0.00181734132993,2.36101755472,0.27989304166,-7.97718661866e-06,6.63192539151e-06,0.0,0.0,0.0,0.0,0.0,0.0,0.0,-0.00195575507884,0.00195406968505,-0.00127245374008,0.0108856821251,-0.0145554408127,-0.0185770605605,0.00719198560013,-0.00409394093548,-0.000211185278012,0,0,0,0,0,0,0,0,0,0,0,0,0,0,0,0,0,0,0,0,0,0,0,0,0,0,0,0,0,0,0,0,0,0,0,0,0,0,0,0,0,0,0,0,0,0,0,0,0,0,0,0,0,0,0,0,0,0,0,0,0,0,0,0,0,0,0,0,0,0,0,0,0,0,0,0,0,0,0,0,0,0,0,0,0,0,0,0,0,0,0,0,0,0,0,0,0,0,0,0,1,0,1,0,0,0,0,0,0,0,2,0,0,0
0,0.0,0,0.0,0,0.0,0,0.0,3,666666.666667,0,0.0,0,0.0,0,0.0,0,0.0,12,666666.666667,0,0.0,14,3071428.57143,0,0.0,0,0.0,3,666666.666667,12,750000.0,2,161500000.0,2,178000000.0,0,0.0,0,0.0,0,0.0,0,0.0,3,232000000.0,0,0.0,0,0.0,2,161500000.0,0,0.0,0,0.0,497,0.0,0,0.0,0,0.0,0,0.0,2,1500000.0,24,1666666.66667,0,0.0,0,0.0,0,0.0,2,0.0,0,0.0,0,0.0,0,0.0,0,0.0,0,0.0,0,0.0,0,0.0,0,0.0,0,0.0,2,-500000.0,0,0.0,0,0.0,2,500000.0,2,-5500000.0,2,1500000.0,2,1500000.0,10,0.0,27,0.0,0,0.0,0.0399876798259,0.0398711329594,0.267810626472,-0.0307525622467,0.0134362717041,-2.4836266719,0.000654861011025,2.45284413381,0.280764774359,-7.15871997863e-06,5.52879104837e-06,0.0,0.0,0.0,0.0,0.0,0.0,0.0,-0.00183573806442,0.00183382315762,-0.00127268324839,0.0111643687768,-0.0145232208921,-0.0183183454126,0.00672011950107,-0.00381055281596,-0.000233422220157,0,0,0,0,0,0,0,0,1,0,0,0,0,0,0,0,0,0,1,0,0,0,0,0,0,0,0,0,1,0,1,0,0,0,0,0,0,0,0,0,0,0,0,0,0,0,0,0,0,0,0,0,0,0,0,0,0,0,0,0,0,0,0,0,1,1,1,0,0,0,0,0,0,0,0,0,0,0,0,0,0,0,0,0,0,0,0,0,0,0,0,0,0,0,0,0,0,0,0,0,1,0,1,0,0,0,0,0,0,0,0,0,0,0
0,0.0,0,0.0,0,0.0,0,0.0,2,6000000.0,0,0.0,0,0.0,0,0.0,0,0.0,12,2333333.33333,0,0.0,16,1000000.0,0,0.0,0,0.0,2,6000000.0,12,2416666.66667,2,197000000.0,2,205500000.0,0,0.0,0,0.0,0,0.0,0,0.0,2,272000000.0,0,0.0,0,0.0,2,200000000.0,0,0.0,0,0.0,477,0.0,0,0.0,0,0.0,0,0.0,3,333333.333333,25,1600000.0,0,0.0,0,0.0,0,0.0,2,0.0,0,0.0,0,0.0,0,0.0,0,0.0,0,0.0,0,0.0,0,0.0,0,0.0,0,0.0,3,0.0,0,0.0,0,0.0,3,333333.333333,3,1000000.0,2,3000000.0,2,6000000.0,6,0.0,24,0.0,0,0.0,0.0399834082839,0.0398743603878,0.267759572564,0.0464845348184,0.0133427199659,-2.50050316417,-0.00112612371408,2.54695047957,0.282046358117,-9.44094311163e-06,7.30771825704e-06,0.0,0.0,0.0,0.0,0.0,0.0,0.0,-0.00170529331174,0.00170293666358,-0.00129017285064,0.0115100034595,-0.0145151680571,-0.0180268458844,0.00620861336565,-0.00350239260991,-0.000263988130306,0,0,0,0,0,0,0,0,0,0,0,0,0,0,0,0,0,0,0,0,0,0,1,0,0,0,0,0,0,0,0,0,0,0,0,0,0,0,0,0,0,0,0,0,0,0,0,0,0,0,0,0,0,0,0,0,0,0,0,0,0,0,0,0,1,0,0,0,0,0,0,0,0,0,1,0,0,0,0,0,0,0,0,0,0,0,0,0,0,0,0,0,0,0,1,0,0,0,0,0,0,0,0,0,0,0,0,0,0,0,2,0,0,0
0,0.0,0,0.0,0,0.0,0,0.0,3,666666.666667,0,0.0,0,0.0,0,0.0,0,0.0,12,1166666.66667,0,0.0,15,2400000.0,0,0.0,0,0.0,3,666666.666667,13,1692307.69231,2,190000000.0,2,196500000.0,0,0.0,0,0.0,0,0.0,0,0.0,1,313000000.0,0,0.0,0,0.0,2,190000000.0,0,0.0,0,0.0,493,0.0,0,0.0,0,0.0,0,0.0,2,1000000.0,25,1160000.0,0,0.0,0,0.0,0,0.0,2,0.0,0,0.0,0,0.0,0,0.0,0,0.0,0,0.0,0,0.0,0,0.0,0,0.0,0,0.0,2,-1000000.0,0,0.0,0,0.0,2,2500000.0,2,1500000.0,2,9500000.0,2,8500000.0,9,0.0,26,0.0,0,0.0,0.0399791554445,0.0398775184908,0.267871813008,0.118619866425,0.0129584948475,-2.5073018119,-0.00311649609666,2.62587696215,0.283472932309,-5.00425600201e-06,3.4899171954e-06,0.0,0.0,0.0,0.0,0.0,0.0,0.0,-0.00158216391953,0.00158044375378,-0.00132016894562,0.0118575346755,-0.0145384424772,-0.0177429289968,0.00573450446409,-0.0032141863633,-0.000288403376471,0,0,0,0,0,0,0,0,0,0,0,0,0,0,0,0,0,0,1,0,0,0,0,0,0,0,0,0,0,0,1,0,0,0,1,0,0,0,0,0,0,0,0,0,1,0,0,0,0,0,1,0,0,0,0,0,0,0,0,0,0,0,0,0,0,0,1,0,0,0,0,0,0,0,0,0,0,0,0,0,0,0,0,0,0,0,0,0,0,0,0,0,0,0,0,0,0,0,0,0,0,0,0,0,0,0,1,0,0,0,0,0,0,0
0,0.0,1,0.0,1,0.0,0,0.0,3,333333.333333,0,0.0,0,0.0,0,0.0,0,0.0,12,1250000.0,1,0.0,13,2538461.53846,0,0.0,1,1000000.0,4,750000.0,12,833333.333333,1,193000000.0,1,220000000.0,0,0.0,0,0.0,0,0.0,0,0.0,2,273000000.0,0,0.0,0,0.0,1,193000000.0,0,0.0,0,0.0,482,0.0,2,0.0,1,1000000.0,1,0.0,5,0.0,25,2240000.0,1,0.0,2,0.0,1,0.0,2,0.0,0,0.0,0,0.0,0,0.0,0,0.0,0,0.0,0,0.0,1,0.0,0,0.0,0,0.0,5,0.0,0,0.0,0,0.0,3,-333333.333333,3,333333.333333,14,1785714.28571,14,1785714.28571,17,0.0,25,0.0,0,0.0,0.0399743585745,0.039874722934,0.267972692746,0.145170727678,0.0127256165886,-2.50795663759,-0.00392113593448,2.65307589235,0.284049816134,-0.000377670448479,-0.000509403008945,0.0,0.0,0.0,0.0,0.0,0.0,0.0,-0.00177427002523,0.0012044871767,-0.00132528250872,0.0119909608497,-0.0145565509115,-0.0176335730732,0.00556025554757,-0.00310931441953,-0.000296585573755,0,0,0,0,0,0,0,0,0,0,0,0,0,0,0,0,0,0,0,0,1,0,1,0,0,0,1,0,0,0,0,0,0,0,0,0,0,0,0,0,0,0,0,0,0,0,0,0,0,0,0,0,0,0,0,0,0,0,1,0,1,0,2,0,0,0,0,0,0,0,2,0,1,0,0,0,0,0,0,0,0,0,0,0,0,0,0,0,2,0,0,0,0,0,1,0,0,0,0,0,1,0,0,0,1,0,0,0,0,0,2,0,0,0
0,0.0,15,1400000.0,0,0.0,0,0.0,3,4000000.0,0,0.0,0,0.0,0,0.0,0,0.0,13,1846153.84615,0,0.0,0,0.0,0,0.0,0,0.0,2,2000000.0,12,1750000.0,2,192500000.0,2,197500000.0,0,0.0,0,0.0,0,0.0,0,0.0,2,256500000.0,0,0.0,0,0.0,2,192500000.0,0,0.0,0,0.0,472,0.0,0,0.0,0,0.0,0,0.0,2,0.0,25,1920000.0,0,0.0,0,0.0,0,0.0,2,0.0,0,0.0,0,0.0,0,0.0,0,0.0,0,0.0,0,0.0,0,0.0,0,0.0,0,0.0,2,0.0,0,0.0,0,0.0,2,0.0,2,-500000.0,1,22000000.0,1,22000000.0,9,0.0,25,0.0,0,0.0,0.0308678603415,0.03043363142,0.267976147435,0.146172199049,0.0127030435751,-2.50797691816,-0.00394701287186,2.6540687523,0.284071612959,-0.0543775456904,-0.0569623354295,0.0,0.0,0.0,0.0,0.0,0.0,0.0,-0.0400287992367,-0.0376728844191,-0.00131840906961,0.0119880216053,-0.014541969595,-0.0176248610993,0.00555176975973,-0.00310211342555,-0.000297364455107,0,0,0,0,0,0,0,0,1,0,0,0,0,0,0,0,0,0,1,0,0,0,0,0,0,0,0,0,0,0,1,0,0,0,0,0,0,0,0,0,0,0,0,0,0,0,0,0,0,0,0,0,0,0,0,0,0,0,0,0,0,0,0,0,1,1,1,0,0,0,0,0,0,0,0,0,0,0,0,0,0,0,0,0,0,0,0,0,0,0,0,0,0,0,0,0,0,0,0,0,0,0,1,0,1,0,0,0,0,0,0,0,0,0
0,0.0,5,600000.0,0,0.0,1,1000000.0,3,2666666.66667,0,0.0,0,0.0,0,0.0,0,0.0,12,1333333.33333,0,0.0,0,0.0,0,0.0,0,0.0,2,3500000.0,12,1333333.33333,2,146000000.0,3,173666666.667,0,0.0,0,0.0,0,0.0,0,0.0,2,239500000.0,0,0.0,0,0.0,2,146000000.0,0,0.0,0,0.0,500,0.0,1,0.0,0,0.0,1,0.0,3,0.0,25,960000.0,0,0.0,1,0.0,1,0.0,1,0.0,0,0.0,0,0.0,0,0.0,0,0.0,0,0.0,0,0.0,0,0.0,0,0.0,0,0.0,4,0.0,0,0.0,0,0.0,3,-666666.666667,3,-3000000.0,12,583333.333333,12,666666.666667,7,0.0,25,0.0,0,0.0,0.0203629284296,0.0197642931732,0.267976899044,0.146165741958,0.0127115143537,-2.50796774042,-0.00395049189688,2.65407096934,0.284071371732,-12.8657771893,-12.8813662448,0.0,0.0,0.0,0.0,0.0,0.0,0.0,-0.000453835089057,-0.000190173428078,-0.000565269464596,0.0055311341962,-0.00607092912309,-0.0084471204402,0.00206987845079,-0.000885447234974,-0.000537822762692,0,0,0,0,0,0,0,0,0,0,0,0,0,0,0,0,0,0,0,0,0,0,0,0,0,0,0,0,1,0,0,0,0,0,0,0,0,0,0,0,0,0,0,0,0,0,0,0,0,0,0,0,0,0,0,0,0,0,0,0,0,0,0,0,1,0,0,0,0,0,0,0,0,0,0,0,0,0,0,0,0,0,0,0,0,0,0,0,0,0,0,0,0,0,1,0,0,0,0,0,1,0,1,0,0,0,0,0,0,0,2,0,0,0
0,0.0,0,0.0,0,0.0,0,0.0,3,333333.333333,0,0.0,0,0.0,0,0.0,0,0.0,13,307692.307692,0,0.0,2,1000000.0,1,0.0,1,2000000.0,5,1400000.0,13,384615.384615,2,130500000.0,2,147000000.0,0,0.0,0,0.0,0,0.0,0,0.0,3,206666666.667,0,0.0,0,0.0,2,131000000.0,0,0.0,0,0.0,486,0.0,1,1000000.0,1,2000000.0,0,0.0,3,666666.666667,25,840000.0,1,0.0,2,500000.0,1,0.0,2,0.0,0,0.0,0,0.0,0,0.0,0,0.0,0,0.0,0,0.0,1,1000000.0,0,0.0,0,0.0,4,0.0,0,0.0,0,0.0,2,0.0,2,0.0,13,1153846.15385,13,1153846.15385,9,0.0,25,0.0,0,0.0,0.0203505898301,0.0192294864792,0.268072468501,0.14625351048,0.0126693776007,-2.50789131843,-0.0043565006505,2.65402071864,0.284164908754,-25.0,-25.0,0.0,0.0,0.0,0.0,0.0,0.0,0.0,0.000430851394425,-0.00491637692972,-6.631549555e-05,-0.00144990825357,-4.42978472059e-05,-0.000269449392237,0.0014786655166,3.8545458995e-05,-0.000958484572999,0,0,0,0,0,0,0,0,0,0,0,0,0,0,0,0,0,0,1,0,0,0,1,0,1,0,0,0,0,0,1,0,0,0,0,0,0,0,0,0,0,0,0,0,0,0,0,0,0,0,0,0,0,0,0,0,0,0,1,2,0,0,0,0,0,0,1,0,1,0,0,0,0,0,0,0,0,0,0,0,0,0,0,0,0,0,0,0,0,0,0,0,0,0,0,0,0,0,0,0,0,0,0,0,0,0,0,0,0,0,0,0,0,0
0,0.0,0,0.0,0,0.0,0,0.0,2,0.0,0,0.0,0,0.0,0,0.0,0,0.0,11,272727.272727,0,0.0,4,250000.0,1,0.0,0,0.0,3,1000000.0,12,916666.666667,2,132000000.0,3,142000000.0,0,0.0,0,0.0,0,0.0,0,0.0,3,187666666.667,0,0.0,0,0.0,2,139000000.0,0,0.0,0,0.0,499,0.0,2,0.0,1,0.0,1,0.0,5,-800000.0,25,760000.0,1,0.0,1,0.0,0,0.0,2,0.0,0,0.0,0,0.0,0,0.0,0,0.0,0,0.0,0,0.0,1,0.0,0,0.0,0,0.0,4,-1500000.0,0,0.0,0,0.0,3,-1000000.0,2,-500000.0,12,2000000.0,12,2500000.0,4,0.0,25,0.0,0,0.0,0.0203491001624,0.0192316022529,0.268965600499,0.14512387673,0.013668371623,-2.50751791484,-0.00451289795627,2.65252264859,0.285799913798,-25.0,-25.0,0.0,0.0,0.0,0.0,0.0,0.0,0.0,-4.81545957052e-06,-0.00480169519166,-0.000158051989036,-0.00055984094403,-0.00128858633391,-0.00181742974545,0.00224597794037,-0.00035724148607,-0.000975374000897,0,0,0,0,0,0,0,0,0,0,0,0,0,0,0,0,0,0,0,0,0,0,0,0,0,0,0,0,0,0,0,0,0,0,0,0,0,0,0,0,0,0,0,0,0,0,0,0,0,0,0,0,0,0,0,0,0,0,0,0,0,0,0,0,0,0,0,0,0,0,0,0,0,0,0,0,0,0,0,0,0,0,0,0,0,0,0,0,0,0,0,0,0,0,1,0,0,0,0,0,1,0,0,0,1,0,0,0,0,0,1,0,0,0
0,0.0,0,0.0,0,0.0,0,0.0,3,333333.333333,0,0.0,0,0.0,0,0.0,0,0.0,13,-76923.0769231,0,0.0,15,266666.666667,0,0.0,0,0.0,3,333333.333333,13,-76923.0769231,3,124333333.333,3,133000000.0,0,0.0,0,0.0,0,0.0,0,0.0,2,186500000.0,0,0.0,0,0.0,3,126666666.667,0,0.0,0,0.0,497,0.0,0,0.0,0,0.0,0,0.0,2,0.0,25,280000.0,0,0.0,0,0.0,0,0.0,2,0.0,0,0.0,0,0.0,0,0.0,0,0.0,0,0.0,0,0.0,0,0.0,0,0.0,0,0.0,2,0.0,0,0.0,0,0.0,2,0.0,2,-500000.0,3,2666666.66667,3,2666666.66667,10,0.0,25,0.0,0,0.0,0.020366101513,0.0193245594067,0.314095536559,0.0585843674628,0.0853570799146,-2.49246708779,0.0407463291427,2.56203388361,0.379375245708,-25.0,-25.0,0.0,0.0,0.0,0.0,0.0,0.0,0.0,-0.00157667086216,0.00174250970042,-0.00176188132247,0.01173456128,-0.0148134431701,-0.0183959245827,0.00638627686638,-0.00354866784648,-0.000146825745931,0,0,0,0,0,0,0,0,1,0,0,0,0,0,0,0,0,0,1,0,0,0,1,0,0,0,0,0,0,0,1,0,0,0,0,0,0,0,0,0,0,0,0,0,0,0,0,0,0,0,0,0,0,0,0,0,0,0,0,0,0,0,0,0,1,0,1,0,0,0,0,0,0,0,0,0,0,0,0,0,0,0,0,0,0,0,0,0,0,0,0,0,0,0,0,0,0,0,0,0,0,0,1,0,0,0,0,0,0,0,1,0,0,0
0,0.0,0,0.0,0,0.0,0,0.0,2,0.0,0,0.0,0,0.0,0,0.0,0,0.0,12,833333.333333,0,0.0,15,1266666.66667,0,0.0,0,0.0,2,0.0,12,750000.0,2,108500000.0,2,127500000.0,0,0.0,0,0.0,0,0.0,0,0.0,3,173000000.0,0,0.0,0,0.0,2,108500000.0,0,0.0,0,0.0,499,0.0,0,0.0,0,0.0,0,0.0,3,0.0,25,1000000.0,0,0.0,0,0.0,0,0.0,2,0.0,0,0.0,0,0.0,0,0.0,0,0.0,0,0.0,0,0.0,0,0.0,0,0.0,0,0.0,3,2000000.0,0,0.0,0,0.0,3,0.0,3,-1000000.0,4,15401500000.0,3,20535333333.3,6,0.0,25,0.0,0,0.0,0.0203662921429,0.0194948152794,0.46239846034,-0.22582578634,0.320977058662,-2.44295590255,0.189453389691,2.26469445838,0.686867656174,-25.0,-25.0,0.0,0.0,0.0,0.0,0.0,0.0,0.0,-0.00132591209592,0.00145688959915,-0.00286081336257,0.00940194966545,-0.0112606016564,-0.0202319403979,0.00885217653094,-0.00431165294188,0.000146401081819,0,0,0,0,0,0,0,0,0,0,0,0,0,0,0,0,0,0,0,0,0,0,0,0,0,0,0,0,1,0,0,0,0,0,0,0,0,0,0,0,0,0,0,0,0,0,0,0,0,0,0,0,0,0,0,0,0,0,0,0,0,0,0,0,0,0,0,0,0,0,0,0,0,0,1,0,0,0,0,0,0,0,0,0,0,0,0,0,0,0,0,0,0,0,1,0,0,0,0,0,1,0,1,0,0,0,0,0,0,0,1,0,0,0
0,0.0,0,0.0,0,0.0,0,0.0,3,333333.333333,0,0.0,0,0.0,0,0.0,0,0.0,13,1923076.92308,0,0.0,15,1266666.66667,0,0.0,0,0.0,3,333333.333333,13,2000000.0,3,149000000.0,3,163333333.333,0,0.0,0,0.0,0,0.0,0,0.0,2,226500000.0,0,0.0,0,0.0,3,149000000.0,0,0.0,0,0.0,496,0.0,0,0.0,0,0.0,0,0.0,2,0.0,25,1200000.0,0,0.0,0,0.0,0,0.0,2,0.0,0,0.0,0,0.0,0,0.0,0,0.0,0,0.0,0,0.0,0,0.0,0,0.0,0,0.0,2,1000000.0,0,0.0,0,0.0,2,-2000000.0,2,1500000.0,4,7000000.0,4,7000000.0,15,0.0,25,0.0,0,0.0,0.020366798309,0.0196608588102,0.627339984375,-0.542144843017,0.583036307516,-2.38789046112,0.35484337483,1.93399838196,1.02885646667,-25.0,-25.0,0.0,0.0,0.0,0.0,0.0,0.0,0.0,0.000103984991172,0.00070177350959,-0.00311947557712,0.00493961159489,-0.00149793983964,-0.0225264366053,0.0115839559944,-0.00424728385906,0.000257769087717,0,0,0,0,0,0,0,0,0,0,0,0,0,0,0,0,0,0,1,0,0,0,1,0,0,0,0,0,0,0,1,0,1,0,1,0,0,0,0,0,0,0,0,0,1,0,0,0,0,0,1,0,0,0,0,0,0,0,0,0,0,0,0,0,1,0,1,0,0,0,0,0,0,0,0,0,0,0,0,0,0,0,0,0,0,0,0,0,0,0,0,0,0,0,0,0,0,0,0,0,0,0,0,0,0,0,1,0,0,0,1,0,0,0
0,0.0,7,1142857.14286,1,0.0,0,0.0,3,5000000.0,0,0.0,0,0.0,0,0.0,0,0.0,12,1416666.66667,1,0.0,7,1000000.0,0,0.0,1,0.0,4,2250000.0,12,1333333.33333,2,165500000.0,2,171500000.0,0,0.0,0,0.0,0,0.0,0,0.0,2,228500000.0,0,0.0,0,0.0,2,165500000.0,0,0.0,0,0.0,489,0.0,2,0.0,1,2000000.0,1,0.0,5,-200000.0,25,1120000.0,1,0.0,3,0.0,2,0.0,2,0.0,0,0.0,0,0.0,0,0.0,0,0.0,0,0.0,0,0.0,1,0.0,0,0.0,0,0.0,6,-166666.666667,0,0.0,0,0.0,3,0.0,3,666666.666667,21,952380.952381,21,2333333.33333,11,0.0,25,0.0,0,0.0,0.0204181862196,0.0199417324777,0.695992259523,-0.673805037712,0.692116314551,-2.36498223525,0.423689691511,1.79635148844,1.1712018109,-12.0506080988,-12.0656951834,0.0,0.0,0.0,0.0,0.0,0.0,0.0,0.000822427402189,0.000877227525675,-0.00284613522449,0.00253388740979,0.00408335394508,-0.0236386415001,0.0128930536565,-0.00419848592012,0.000270284868301,0,0,1,0,1,0,0,0,0,0,0,0,0,0,0,0,0,0,0,0,1,0,0,0,0,0,1,0,0,0,0,0,0,0,0,0,0,0,0,0,0,0,0,0,0,0,0,0,0,0,0,0,0,0,0,0,0,0,0,0,0,0,1,0,0,0,0,0,0,0,1,0,1,0,0,0,0,0,0,0,0,0,0,0,0,0,0,0,1,0,0,0,0,0,1,0,0,0,0,0,1,0,0,0,0,0,0,0,0,0,1,0,0,0
0,0.0,4,500000.000001,0,0.0,1,0.0,4,1250000.0,0,0.0,0,0.0,0,0.0,0,0.0,13,76923.0769237,0,0.0,7,142857.142857,1,0.0,0,0.0,4,1250000.0,13,461538.461538,2,140000000.0,2,141000000.0,0,0.0,0,0.0,0,0.0,0,0.0,3,224666666.667,0,0.0,0,0.0,2,140000000.0,0,0.0,0,0.0,497,0.0,2,0.0,1,0.0,1,0.0,4,0.0,25,160000.0,1,0.0,2,0.0,1,999999.999996,2,0.0,0,0.0,0,0.0,0,0.0,0,0.0,0,0.0,0,0.0,1,0.0,0,0.0,0,0.0,4,0.0,0,0.0,0,0.0,2,0.0,2,0.0,17,117647.058824,17,352941.176471,19,0.0,25,0.0,0,0.0,0.0203693508422,0.0201610393177,0.701060950933,-0.682880182781,0.699496244953,-2.36343638901,0.428941849822,1.78679894696,1.18139666768,-7.90467094008,-7.93361186822,0.0,0.0,0.0,0.0,0.0,0.0,0.0,0.000162940072181,2.53041605775e-05,-0.00281741458616,0.00236083353314,0.00448773623315,-0.0237211014467,0.0129963653347,-0.00420457109751,0.000268957836368,0,0,0,0,0,0,1,0,1,0,0,0,0,0,0,0,0,0,1,0,0,0,1,0,0,0,0,0,0,0,1,0,0,0,0,0,0,0,0,0,0,0,0,0,0,0,0,0,0,0,0,0,0,0,0,0,0,0,1,0,1,0,1,0,1,1,1,0,0,0,1,0,0,0,0,0,0,0,0,0,0,0,0,0,0,0,0,0,1,0,0,0,0,0,1,0,0,0,0,0,1,0,2,0,0,0,0,0,0,0,1,0,0,0
0,0.0,2,2500000.0,1,0.0,0,0.0,3,1666666.66666,0,0.0,0,0.0,0,0.0,0,0.0,12,750000.000002,2,0.0,11,1636363.63636,1,0.0,2,1000000.0,7,1428571.42857,12,750000.000002,2,171000000.0,2,192500000.0,0,0.0,0,0.0,0,0.0,0,0.0,2,247000000.0,0,0.0,0,0.0,2,173000000.0,0,0.0,0,0.0,509,0.0,4,0.0,2,0.0,2,0.0,7,0.0,25,320000.000001,2,0.0,3,2000000.0,1,10000000.0,2,0.0,0,0.0,0,0.0,0,0.0,0,0.0,0,0.0,0,0.0,2,-1500000.0,0,0.0,0,0.0,6,833333.333333,0,0.0,0,0.0,3,0.0,3,-333333.333332,23,478260.869565,23,478260.869565,11,0.0,25,0.0,0,0.0,0.0206512989205,0.0203836093391,0.716855582696,-0.708640663275,0.716552579949,-2.36094082832,0.45651044472,1.77313434537,1.20798840247,-19.0069001429,-19.0104756479,0.0,0.0,0.0,0.0,0.0,0.0,0.0,0.00654953512231,0.00555152814674,-0.00271835818258,0.0018977575311,0.00556551521586,-0.0238936993634,0.013239574345,-0.00419255188823,0.000294648600784,0,0,1,0,0,0,0,0,0,0,0,0,0,0,0,0,0,0,0,0,0,0,0,0,0,0,0,0,1,0,0,0,0,0,0,0,0,0,0,0,0,0,0,0,0,0,0,0,0,0,0,0,0,0,0,0,0,0,1,2,0,0,1,0,1,1,0,0,0,0,1,0,0,0,0,0,0,0,0,0,0,0,0,0,0,0,0,0,1,0,0,0,0,0,0,0,0,0,0,0,1,0,1,0,0,0,0,0,0,0,2,0,0,0
1,0.0,9,3888888.88889,1,7000000.0,2,1500000.0,7,1285714.28571,0,0.0,0,0.0,0,0.0,0,0.0,13,2615384.61538,0,0.0,0,0.0,0,0.0,0,0.0,3,3000000.0,13,3000000.0,2,212500000.0,1,218000000.0,0,0.0,0,0.0,0,0.0,0,0.0,1,289000000.0,0,0.0,0,0.0,2,213000000.0,0,0.0,0,0.0,487,0.0,4,-3250000.0,2,0.0,2,0.0,6,-2500000.0,25,2960000.0,2,0.0,2,3000000.0,1,0.0,2,0.0,0,0.0,0,0.0,0,0.0,0,0.0,0,0.0,0,0.0,1,6000000.0,0,0.0,0,0.0,4,5750000.0,0,0.0,0,0.0,2,2500000.0,2,-1500000.0,21,3.63304501488e-07,22,90909.0909096,9,0.0,25,0.0,0,0.0,0.0306476248243,0.0306331464452,0.759262094216,-0.779491460838,0.763648659137,-2.35413795195,0.531593657266,1.73677700756,1.2796555157,0.0186359605302,0.0251589937115,0.0,0.0,0.0,0.0,0.0,0.0,0.0,0.0213378541573,0.0214661224591,-0.00240268602734,0.000549540946542,0.00851658059863,-0.02393835228,0.0136201385944,-0.00410307088715,0.000395917883004,0,0,0,0,0,0,0,0,0,0,0,0,0,0,0,0,0,0,1,0,0,0,0,0,0,0,0,0,0,0,1,0,0,0,0,0,0,0,0,0,0,0,0,0,0,0,0,0,0,0,0,0,0,0,0,0,0,0,0,0,0,0,0,0,1,0,1,0,0,0,0,0,0,0,0,0,0,0,0,0,0,0,0,0,0,0,0,0,0,0,0,0,0,0,2,0,0,0,0,0,0,0,0,0,0,0,0,0,0,0,1,0,0,0
0,0.0,0,0.0,0,0.0,0,0.0,2,12000000.0,0,0.0,0,0.0,0,0.0,0,0.0,12,4250000.0,0,0.0,14,1571428.57143,1,1000000.00001,0,0.0,3,2000000.0,12,4416666.66667,1,154000000.0,3,196000000.0,0,0.0,0,0.0,0,0.0,0,0.0,2,256000000.0,0,0.0,0,0.0,2,150000000.0,0,0.0,0,0.0,493,0.0,0,0.0,0,0.0,0,0.0,3,4333333.33333,25,3560000.0,0,0.0,0,0.0,0,0.0,2,0.0,0,0.0,0,0.0,0,0.0,0,0.0,0,0.0,0,0.0,0,0.0,0,0.0,0,0.0,3,12000000.0,0,0.0,0,0.0,3,3000000.0,3,3333333.33333,3,11000000.0,2,500000.000004,5,0.0,24,0.0,0,0.0,0.0334883205506,0.0334229462255,0.766403610592,-0.787879664052,0.764684801772,-2.36030314215,0.536587530376,1.73504009672,1.28379344644,-0.00267488188238,0.00270202279124,0.0,0.0,0.0,0.0,0.0,0.0,0.0,0.000366764085824,-0.000330886697612,-0.00230847100811,0.000374484636713,0.00867164056189,-0.0240732280337,0.0138706097102,-0.00425105395306,0.000303973771539,0,0,0,0,0,0,0,0,0,0,0,0,0,0,0,0,0,0,0,0,0,0,1,0,1,0,0,0,0,0,0,0,0,0,0,0,0,0,0,0,0,0,0,0,0,0,0,0,0,0,0,0,0,0,0,0,0,0,0,0,0,0,0,0,0,0,0,0,0,0,0,0,0,0,0,0,0,0,0,0,0,0,0,0,0,0,0,0,0,0,0,0,0,0,1,0,0,0,0,0,0,0,0,0,0,0,0,0,0,0,2,0,0,0
0,0.0,0,0.0,0,0.0,0,0.0,3,2000000.0,0,0.0,0,0.0,0,0.0,0,0.0,13,4153846.15385,0,0.0,15,1400000.0,0,0.0,0,0.0,3,2000000.0,13,4000000.0,2,195000000.0,2,201500000.0,0,0.0,0,0.0,0,0.0,0,0.0,2,277500000.0,0,0.0,0,0.0,2,195000000.0,0,0.0,0,0.0,486,0.0,0,0.0,0,0.0,0,0.0,2,2500000.0,25,3160000.0,0,0.0,0,0.0,0,0.0,2,0.0,0,0.0,0,0.0,0,0.0,0,0.0,0,0.0,0,0.0,0,0.0,0,0.0,0,0.0,2,-500000.000004,0,0.0,0,0.0,2,19500000.0,2,16000000.0,2,9000000.0,2,9000000.0,13,0.0,26,0.0,0,0.0,0.033482039915,0.0334295364555,0.815849751242,-0.84351994663,0.774268544143,-2.39949396719,0.570815790985,1.72239074546,1.31512465596,-0.00259995210255,0.00259311655773,0.0,0.0,0.0,0.0,0.0,0.0,0.0,0.000478825681558,-0.000485053337931,-0.00197729884213,-0.000311807358391,0.009717988558,-0.0242740606942,0.0142677291383,-0.00435891775823,0.00022444556663,0,0,0,0,0,0,0,0,1,0,0,0,0,0,0,0,0,0,1,0,0,0,0,0,0,0,0,0,0,0,1,0,0,0,0,0,0,0,0,0,0,0,0,0,0,0,0,0,0,0,0,0,0,0,0,0,0,0,0,0,0,0,0,0,1,3,1,0,0,0,0,0,0,0,0,0,0,0,0,0,0,0,0,0,0,0,0,0,0,0,0,0,0,0,1,0,0,0,0,0,2,0,2,0,0,0,0,0,0,0,1,0,0,0
0,0.0,0,0.0,0,0.0,0,0.0,2,500000.0,0,0.0,0,0.0,0,0.0,0,0.0,12,2583333.33333,0,0.0,15,1800000.0,0,0.0,0,0.0,2,500000.0,12,2583333.33333,1,190000000.0,2,210000000.0,0,0.0,0,0.0,0,0.0,0,0.0,2,249000000.0,0,0.0,0,0.0,1,204000000.0,0,0.0,0,0.0,496,0.0,0,0.0,0,0.0,0,0.0,3,333333.333333,25,1640000.0,0,0.0,0,0.0,0,0.0,2,0.0,0,0.0,0,0.0,0,0.0,0,0.0,0,0.0,0,0.0,0,0.0,0,0.0,0,0.0,3,0.0,0,0.0,0,0.0,3,2333333.33333,3,333333.333333,5,1000000.0,5,1000000.0,6,0.0,25,0.0,0,0.0,0.0334646304923,0.0334427530661,0.909306473547,-0.938473772591,0.802952291202,-2.45929046218,0.635808690412,1.69668966617,1.38570681321,-0.00228525972875,0.00227529442612,0.0,0.0,0.0,0.0,0.0,0.0,0.0,0.000686231530696,-0.000695722102276,-0.00141897900436,-0.00146046496227,0.0117761868363,-0.0245103350042,0.0146856137562,-0.00433022193602,0.000222971410182,0,0,0,0,0,0,0,0,0,0,0,0,0,0,0,0,0,0,0,0,0,0,1,0,0,0,0,0,0,0,0,0,0,0,0,0,0,0,0,0,0,0,0,0,0,0,0,0,0,0,0,0,0,0,0,0,0,0,0,0,0,0,0,0,1,2,0,0,0,0,0,0,0,0,1,0,0,0,0,0,0,0,0,0,0,0,0,0,0,0,0,0,0,0,0,0,0,0,0,0,1,0,1,0,0,0,0,0,0,0,1,0,0,0
0,0.0,0,0.0,0,0.0,0,0.0,3,3333333.33333,0,0.0,0,0.0,0,0.0,0,0.0,13,4076923.07692,0,0.0,15,2066666.66667,0,0.0,0,0.0,3,4666666.66667,13,4076923.07692,1,219000000.0,1,226000000.0,0,0.0,0,0.0,0,0.0,0,0.0,2,312000000.0,0,0.0,0,0.0,1,224000000.0,0,0.0,0,0.0,496,0.0,0,0.0,0,0.0,0,0.0,2,2500000.0,25,2680000.0,0,0.0,0,0.0,0,0.0,2,0.0,0,0.0,0,0.0,0,0.0,0,0.0,0,0.0,0,0.0,0,0.0,0,0.0,0,0.0,2,500000.0,0,0.0,0,0.0,2,0.0,2,-500000.0,2,3000000.0,2,3000000.0,13,0.0,25,0.0,0,0.0,0.033445188309,0.0334573749806,1.00982292751,-1.02565854056,0.850722776161,-2.50230188466,0.709932287607,1.66869182312,1.4791883324,-0.00193257868889,0.00192179327444,0.0,0.0,0.0,0.0,0.0,0.0,0.0,0.000916726576516,-0.000927003654169,-0.000828996686737,-0.00257024947931,0.0140758188585,-0.0247477328808,0.0150796598401,-0.00430358661005,0.000222313611787,0,0,0,0,0,0,0,0,0,0,0,0,0,0,0,0,0,0,1,0,0,0,0,0,0,0,0,0,1,0,1,0,0,0,1,0,0,0,0,0,0,0,0,0,1,0,0,0,0,0,0,0,0,0,0,0,0,0,0,0,0,0,0,0,1,0,1,0,0,0,0,0,0,0,0,0,0,0,0,0,0,0,0,0,0,0,0,0,0,0,0,0,0,0,1,0,0,0,0,0,0,0,0,0,0,0,1,0,0,0,1,0,0,0
0,0.0,6,0.0,1,0.0,0,0.0,3,0.0,0,0.0,0,0.0,0,0.0,0,0.0,12,416666.666667,1,0.0,8,500000.0,0,0.0,1,1000000.0,4,500000.0,12,833333.333333,2,157500000.0,2,176500000.0,0,0.0,0,0.0,0,0.0,0,0.0,2,216500000.0,0,0.0,0,0.0,2,161500000.0,0,0.0,0,0.0,500,0.0,2,0.0,1,0.0,1,0.0,5,0.0,25,360000.0,1,0.0,4,0.0,2,-500000.0,1,0.0,0,0.0,0,0.0,0,0.0,0,0.0,0,0.0,0,0.0,1,0.0,0,0.0,0,0.0,6,500000.0,0,0.0,0,0.0,3,0.0,3,333333.333333,23,434782.608696,23,739130.434783,15,0.0,25,0.0,0,0.0,0.0329329813827,0.0329432580787,1.10835917531,-1.09673599649,0.917904767948,-2.52152771914,0.792103351565,1.64355622585,1.59150709145,-0.00993723501832,-0.00739339961447,0.0,0.0,0.0,0.0,0.0,0.0,0.0,-0.00643025672721,-0.00929242617434,-0.000232770344141,-0.00359360296549,0.0166325171913,-0.024997618269,0.0154054312397,-0.00428290040751,0.000220729088287,0,0,1,0,1,0,0,0,0,0,0,0,0,0,0,0,0,0,0,0,1,0,1,0,0,0,1,0,0,0,0,0,1,0,0,0,0,0,0,0,0,0,0,0,0,0,0,0,0,0,1,0,0,0,0,0,0,0,0,0,0,0,1,0,0,0,0,0,0,0,1,0,0,0,0,0,0,0,0,0,0,0,0,0,0,0,0,0,1,0,0,0,0,0,1,0,0,0,0,0,0,0,0,0,1,0,0,0,0,0,1,0,0,0
