Counter(/EffortJointInterface_trajectory_gripper/follow_joint_trajectory/feedback),Messages-Age(/EffortJointInterface_trajectory_gripper/follow_joint_trajectory/feedback),Counter(/EffortJointInterface_trajectory_gripper/follow_joint_trajectory/goal),Messages-Age(/EffortJointInterface_trajectory_gripper/follow_joint_trajectory/goal),Counter(/EffortJointInterface_trajectory_gripper/follow_joint_trajectory/result),Messages-Age(/EffortJointInterface_trajectory_gripper/follow_joint_trajectory/result),Counter(/EffortJointInterface_trajectory_gripper/follow_joint_trajectory/status),Messages-Age(/EffortJointInterface_trajectory_gripper/follow_joint_trajectory/status),Counter(/EffortJointInterface_trajectory_gripper/gains/panda_finger_joint1/parameter_descriptions),Messages-Age(/EffortJointInterface_trajectory_gripper/gains/panda_finger_joint1/parameter_descriptions),Counter(/EffortJointInterface_trajectory_gripper/gains/panda_finger_joint1/parameter_updates),Messages-Age(/EffortJointInterface_trajectory_gripper/gains/panda_finger_joint1/parameter_updates),Counter(/EffortJointInterface_trajectory_gripper/gains/panda_finger_joint2/parameter_descriptions),Messages-Age(/EffortJointInterface_trajectory_gripper/gains/panda_finger_joint2/parameter_descriptions),Counter(/EffortJointInterface_trajectory_gripper/gains/panda_finger_joint2/parameter_updates),Messages-Age(/EffortJointInterface_trajectory_gripper/gains/panda_finger_joint2/parameter_updates),Counter(/EffortJointInterface_trajectory_gripper/state),Messages-Age(/EffortJointInterface_trajectory_gripper/state),Counter(/PositionJointInterface_trajectory_controller/follow_joint_trajectory/cancel),Messages-Age(/PositionJointInterface_trajectory_controller/follow_joint_trajectory/cancel),Counter(/PositionJointInterface_trajectory_controller/follow_joint_trajectory/feedback),Messages-Age(/PositionJointInterface_trajectory_controller/follow_joint_trajectory/feedback),Counter(/PositionJointInterface_trajectory_controller/follow_joint_trajectory/goal),Messages-Age(/PositionJointInterface_trajectory_controller/follow_joint_trajectory/goal),Counter(/PositionJointInterface_trajectory_controller/follow_joint_trajectory/result),Messages-Age(/PositionJointInterface_trajectory_controller/follow_joint_trajectory/result),Counter(/PositionJointInterface_trajectory_controller/follow_joint_trajectory/status),Messages-Age(/PositionJointInterface_trajectory_controller/follow_joint_trajectory/status),Counter(/PositionJointInterface_trajectory_controller/state),Messages-Age(/PositionJointInterface_trajectory_controller/state),Counter(/camera/rgb_camera_info),Messages-Age(/camera/rgb_camera_info),Counter(/camera/rgb_image/compressed),Messages-Age(/camera/rgb_image/compressed),Counter(/camera/rgb_image/compressed/parameter_descriptions),Messages-Age(/camera/rgb_image/compressed/parameter_descriptions),Counter(/camera/rgb_image/compressed/parameter_updates),Messages-Age(/camera/rgb_image/compressed/parameter_updates),Counter(/camera/rgb_image/compressedDepth/parameter_descriptions),Messages-Age(/camera/rgb_image/compressedDepth/parameter_descriptions),Counter(/camera/rgb_image/compressedDepth/parameter_updates),Messages-Age(/camera/rgb_image/compressedDepth/parameter_updates),Counter(/camera/rgb_image/theora),Messages-Age(/camera/rgb_image/theora),Counter(/camera/rgb_image/theora/parameter_descriptions),Messages-Age(/camera/rgb_image/theora/parameter_descriptions),Counter(/camera/rgb_image/theora/parameter_updates),Messages-Age(/camera/rgb_image/theora/parameter_updates),Counter(/camera_ir/depth/camera_info),Messages-Age(/camera_ir/depth/camera_info),Counter(/camera_ir/parameter_descriptions),Messages-Age(/camera_ir/parameter_descriptions),Counter(/camera_ir/parameter_updates),Messages-Age(/camera_ir/parameter_updates),Counter(/clock),Messages-Age(/clock),Counter(/execute_trajectory/feedback),Messages-Age(/execute_trajectory/feedback),Counter(/execute_trajectory/goal),Messages-Age(/execute_trajectory/goal),Counter(/execute_trajectory/result),Messages-Age(/execute_trajectory/result),Counter(/execute_trajectory/status),Messages-Age(/execute_trajectory/status),Counter(/joint_states),Messages-Age(/joint_states),Counter(/move_group/display_planned_path),Messages-Age(/move_group/display_planned_path),Counter(/move_group/feedback),Messages-Age(/move_group/feedback),Counter(/move_group/goal),Messages-Age(/move_group/goal),Counter(/move_group/monitored_planning_scene),Messages-Age(/move_group/monitored_planning_scene),Counter(/move_group/ompl/parameter_descriptions),Messages-Age(/move_group/ompl/parameter_descriptions),Counter(/move_group/ompl/parameter_updates),Messages-Age(/move_group/ompl/parameter_updates),Counter(/move_group/plan_execution/parameter_descriptions),Messages-Age(/move_group/plan_execution/parameter_descriptions),Counter(/move_group/plan_execution/parameter_updates),Messages-Age(/move_group/plan_execution/parameter_updates),Counter(/move_group/planning_scene_monitor/parameter_descriptions),Messages-Age(/move_group/planning_scene_monitor/parameter_descriptions),Counter(/move_group/planning_scene_monitor/parameter_updates),Messages-Age(/move_group/planning_scene_monitor/parameter_updates),Counter(/move_group/result),Messages-Age(/move_group/result),Counter(/move_group/sense_for_plan/parameter_descriptions),Messages-Age(/move_group/sense_for_plan/parameter_descriptions),Counter(/move_group/sense_for_plan/parameter_updates),Messages-Age(/move_group/sense_for_plan/parameter_updates),Counter(/move_group/status),Messages-Age(/move_group/status),Counter(/move_group/trajectory_execution/parameter_descriptions),Messages-Age(/move_group/trajectory_execution/parameter_descriptions),Counter(/move_group/trajectory_execution/parameter_updates),Messages-Age(/move_group/trajectory_execution/parameter_updates),Counter(/pickup/status),Messages-Age(/pickup/status),Counter(/place/status),Messages-Age(/place/status),Counter(/rosout),Messages-Age(/rosout),Counter(/rosout_agg),Messages-Age(/rosout_agg),Counter(/statistics),Messages-Age(/statistics),Counter(/tf),Messages-Age(/tf),Counter(/tf_static),Messages-Age(/tf_static),panda_finger_joint1 position,panda_finger_joint2 position,panda_joint1 position,panda_joint2 position,panda_joint3 position,panda_joint4 position,panda_joint5 position,panda_joint6 position,panda_joint7 position,panda_finger_joint1 velocity,panda_finger_joint2 velocity,panda_joint1 velocity,panda_joint2 velocity,panda_joint3 velocity,panda_joint4 velocity,panda_joint5 velocity,panda_joint6 velocity,panda_joint7 velocity,panda_finger_joint1 effort,panda_finger_joint2 effort,panda_joint1 effort,panda_joint2 effort,panda_joint3 effort,panda_joint4 effort,panda_joint5 effort,panda_joint6 effort,panda_joint7 effort,/EffortJointInterface_trajectory_gripper/follow_joint_trajectory/feedback Active Connections,/EffortJointInterface_trajectory_gripper/follow_joint_trajectory/feedback Dropped,/EffortJointInterface_trajectory_gripper/follow_joint_trajectory/goal Active Connections,/EffortJointInterface_trajectory_gripper/follow_joint_trajectory/goal Dropped,/EffortJointInterface_trajectory_gripper/follow_joint_trajectory/result Active Connections,/EffortJointInterface_trajectory_gripper/follow_joint_trajectory/result Dropped,/EffortJointInterface_trajectory_gripper/follow_joint_trajectory/status Active Connections,/EffortJointInterface_trajectory_gripper/follow_joint_trajectory/status Dropped,/EffortJointInterface_trajectory_gripper/gains/panda_finger_joint1/parameter_descriptions Active Connections,/EffortJointInterface_trajectory_gripper/gains/panda_finger_joint1/parameter_descriptions Dropped,/EffortJointInterface_trajectory_gripper/gains/panda_finger_joint1/parameter_updates Active Connections,/EffortJointInterface_trajectory_gripper/gains/panda_finger_joint1/parameter_updates Dropped,/EffortJointInterface_trajectory_gripper/gains/panda_finger_joint2/parameter_descriptions Active Connections,/EffortJointInterface_trajectory_gripper/gains/panda_finger_joint2/parameter_descriptions Dropped,/EffortJointInterface_trajectory_gripper/gains/panda_finger_joint2/parameter_updates Active Connections,/EffortJointInterface_trajectory_gripper/gains/panda_finger_joint2/parameter_updates Dropped,/EffortJointInterface_trajectory_gripper/state Active Connections,/EffortJointInterface_trajectory_gripper/state Dropped,/PositionJointInterface_trajectory_controller/follow_joint_trajectory/cancel Active Connections,/PositionJointInterface_trajectory_controller/follow_joint_trajectory/cancel Dropped,/PositionJointInterface_trajectory_controller/follow_joint_trajectory/feedback Active Connections,/PositionJointInterface_trajectory_controller/follow_joint_trajectory/feedback Dropped,/PositionJointInterface_trajectory_controller/follow_joint_trajectory/goal Active Connections,/PositionJointInterface_trajectory_controller/follow_joint_trajectory/goal Dropped,/PositionJointInterface_trajectory_controller/follow_joint_trajectory/result Active Connections,/PositionJointInterface_trajectory_controller/follow_joint_trajectory/result Dropped,/PositionJointInterface_trajectory_controller/follow_joint_trajectory/status Active Connections,/PositionJointInterface_trajectory_controller/follow_joint_trajectory/status Dropped,/PositionJointInterface_trajectory_controller/state Active Connections,/PositionJointInterface_trajectory_controller/state Dropped,/camera/rgb_camera_info Active Connections,/camera/rgb_camera_info Dropped,/camera/rgb_image/compressed Active Connections,/camera/rgb_image/compressed Dropped,/camera/rgb_image/compressed/parameter_descriptions Active Connections,/camera/rgb_image/compressed/parameter_descriptions Dropped,/camera/rgb_image/compressed/parameter_updates Active Connections,/camera/rgb_image/compressed/parameter_updates Dropped,/camera/rgb_image/compressedDepth/parameter_descriptions Active Connections,/camera/rgb_image/compressedDepth/parameter_descriptions Dropped,/camera/rgb_image/compressedDepth/parameter_updates Active Connections,/camera/rgb_image/compressedDepth/parameter_updates Dropped,/camera/rgb_image/theora Active Connections,/camera/rgb_image/theora Dropped,/camera/rgb_image/theora/parameter_descriptions Active Connections,/camera/rgb_image/theora/parameter_descriptions Dropped,/camera/rgb_image/theora/parameter_updates Active Connections,/camera/rgb_image/theora/parameter_updates Dropped,/camera_ir/depth/camera_info Active Connections,/camera_ir/depth/camera_info Dropped,/camera_ir/parameter_descriptions Active Connections,/camera_ir/parameter_descriptions Dropped,/camera_ir/parameter_updates Active Connections,/camera_ir/parameter_updates Dropped,/clock Active Connections,/clock Dropped,/execute_trajectory/feedback Active Connections,/execute_trajectory/feedback Dropped,/execute_trajectory/goal Active Connections,/execute_trajectory/goal Dropped,/execute_trajectory/result Active Connections,/execute_trajectory/result Dropped,/execute_trajectory/status Active Connections,/execute_trajectory/status Dropped,/joint_states Active Connections,/joint_states Dropped,/move_group/display_planned_path Active Connections,/move_group/display_planned_path Dropped,/move_group/feedback Active Connections,/move_group/feedback Dropped,/move_group/goal Active Connections,/move_group/goal Dropped,/move_group/monitored_planning_scene Active Connections,/move_group/monitored_planning_scene Dropped,/move_group/ompl/parameter_descriptions Active Connections,/move_group/ompl/parameter_descriptions Dropped,/move_group/ompl/parameter_updates Active Connections,/move_group/ompl/parameter_updates Dropped,/move_group/plan_execution/parameter_descriptions Active Connections,/move_group/plan_execution/parameter_descriptions Dropped,/move_group/plan_execution/parameter_updates Active Connections,/move_group/plan_execution/parameter_updates Dropped,/move_group/planning_scene_monitor/parameter_descriptions Active Connections,/move_group/planning_scene_monitor/parameter_descriptions Dropped,/move_group/planning_scene_monitor/parameter_updates Active Connections,/move_group/planning_scene_monitor/parameter_updates Dropped,/move_group/result Active Connections,/move_group/result Dropped,/move_group/sense_for_plan/parameter_descriptions Active Connections,/move_group/sense_for_plan/parameter_descriptions Dropped,/move_group/sense_for_plan/parameter_updates Active Connections,/move_group/sense_for_plan/parameter_updates Dropped,/move_group/status Active Connections,/move_group/status Dropped,/move_group/trajectory_execution/parameter_descriptions Active Connections,/move_group/trajectory_execution/parameter_descriptions Dropped,/move_group/trajectory_execution/parameter_updates Active Connections,/move_group/trajectory_execution/parameter_updates Dropped,/pickup/status Active Connections,/pickup/status Dropped,/place/status Active Connections,/place/status Dropped,/rosout Active Connections,/rosout Dropped,/rosout_agg Active Connections,/rosout_agg Dropped,/statistics Active Connections,/statistics Dropped,/tf Active Connections,/tf Dropped,/tf_static Active Connections,/tf_static Dropped
0,0.0,0,0.0,0,0.0,4,60250000.0,1,0.0,1,0.0,1,0.0,1,0.0,13,4307692.30769,0,0.0,0,0.0,0,0.0,0,0.0,4,44750000.0,10,300000.0,2,197000000.0,3,1218000000.0,1,0.0,1,0.0,1,0.0,1,0.0,5,63310000000.0,1,0.0,1,0.0,1,174000000.0,1,0.0,1,0.0,476,0.0,0,0.0,0,0.0,0,0.0,4,46500000.0,23,-43478.2608696,1,0.0,0,0.0,0,0.0,2,0.0,1,0.0,1,0.0,1,0.0,1,0.0,1,0.0,1,0.0,0,0.0,1,0.0,1,0.0,3,15000000.0,1,0.0,1,0.0,4,33250000.0,4,31000000.0,41,7783609756.1,2,24500000.0,1,0.0,29,0.0,1,0.0,0.0400801840903,0.0399138679297,-3.4689835724e-05,-8.98225122572e-05,-6.81616648687e-05,-0.0699463074532,8.31644507682e-05,3.93415105707e-05,0.785205702217,-1.02024854584e-05,9.26168042091e-06,0.0,0.0,0.0,0.0,0.0,0.0,0.0,-6.77987727047e-06,6.77980011938e-06,-2.80050450165e-05,0.00267579580934,-0.00219568040057,-0.00388744722873,0.00228539786969,-0.00104336573678,-0.000230736542623,0,0,0,0,0,0,0,0,0,0,0,0,0,0,0,0,0,0,0,0,0,0,0,0,0,0,0,0,0,0,0,0,0,0,0,0,0,0,0,0,0,0,0,0,0,0,0,0,0,0,0,0,0,0,0,0,0,0,0,0,0,0,0,0,0,0,0,0,0,0,0,0,0,0,0,0,0,0,0,0,0,0,0,0,0,0,0,0,0,0,0,0,0,0,0,0,0,0,0,0,0,0,0,0,0,0,0,0,1,0,0,0
0,0.0,0,0.0,0,0.0,3,666666.666667,0,0.0,0,0.0,0,0.0,0,0.0,12,666666.666667,0,0.0,0,0.0,0,0.0,0,0.0,2,2500000.0,12,750000.0,1,206000000.0,0,0.0,0,0.0,0,0.0,0,0.0,0,0.0,1,316000000.0,0,0.0,0,0.0,1,210000000.0,0,0.0,0,0.0,489,0.0,0,0.0,0,0.0,0,0.0,2,-2000000.0,24,333333.333333,0,0.0,0,0.0,0,0.0,2,0.0,0,0.0,0,0.0,0,0.0,0,0.0,0,0.0,0,0.0,0,0.0,0,0.0,0,0.0,2,-1000000.0,0,0.0,0,0.0,1,0.0,2,0.0,1,0.0,1,0.0,4,0.0,24,0.0,0,0.0,0.0400801840329,0.039913867973,-3.46897582356e-05,-8.98225261053e-05,-6.81616577983e-05,-0.0699463074512,8.3164450632e-05,3.93415109007e-05,0.785205702219,-1.020251009e-05,9.26170273194e-06,0.0,0.0,0.0,0.0,0.0,0.0,0.0,-6.77812916573e-06,6.77804789891e-06,-2.79284810508e-05,0.00267578192872,-0.00219567336751,-0.00388744528898,0.00228539775605,-0.00104336540034,-0.000230734841261,0,0,0,0,0,0,1,0,0,0,0,0,0,0,0,0,0,0,0,0,0,0,0,0,0,0,0,0,0,0,0,0,0,0,0,0,0,0,0,0,0,0,0,0,0,0,0,0,0,0,0,0,0,0,0,0,0,0,0,0,0,0,0,0,0,0,0,0,0,0,0,0,0,0,0,0,0,0,0,0,0,0,0,0,0,0,0,0,0,0,0,0,1,0,0,0,0,0,1,0,0,0,0,0,0,0,0,0,1,0,0,0
0,0.0,0,0.0,0,0.0,2,500000.0,0,0.0,0,0.0,0,0.0,0,0.0,13,2846153.84615,0,0.0,0,0.0,0,0.0,0,0.0,3,0.0,13,2923076.92308,2,209500000.0,2,223000000.0,0,0.0,0,0.0,0,0.0,0,0.0,2,277500000.0,0,0.0,0,0.0,2,209500000.0,0,0.0,0,0.0,489,0.0,0,0.0,0,0.0,0,0.0,3,0.0,26,2269230.76923,0,0.0,1,0.0,1,0.0,1,0.0,0,0.0,0,0.0,0,0.0,0,0.0,0,0.0,0,0.0,0,0.0,0,0.0,0,0.0,4,750000.0,0,0.0,0,0.0,3,1333333.33333,3,333333.333333,8,14125000.0,8,14125000.0,24,0.0,26,0.0,0,0.0,0.0400801839741,0.039913868017,-3.46896793361e-05,-8.98225403862e-05,-6.81616504162e-05,-0.0699463074493,8.3164450525e-05,3.9341511237e-05,0.785205702221,-1.02025356353e-05,9.26172939953e-06,0.0,0.0,0.0,0.0,0.0,0.0,0.0,-6.77633966134e-06,6.77625817649e-06,-2.78508409376e-05,0.0026757676368,-0.00219566602218,-0.00388744339187,0.00228539767124,-0.00104336505728,-0.000230733104134,0,0,0,0,0,0,0,0,0,0,0,0,0,0,0,0,1,0,0,0,0,0,0,0,0,0,1,0,1,0,1,0,1,0,0,0,0,0,0,0,0,0,1,0,0,0,0,0,1,0,0,0,0,0,0,0,0,0,0,0,0,0,2,0,1,0,0,0,1,0,0,0,1,0,0,0,0,0,0,0,0,0,0,0,0,0,0,0,0,0,0,0,1,0,0,0,0,0,1,0,2,0,1,0,1,0,0,0,1,0,0,0
0,0.0,0,0.0,0,0.0,3,0.0,0,0.0,0,0.0,0,0.0,0,0.0,12,4750000.0,0,0.0,8,9750000.0,1,0.0,0,0.0,3,12000000.0,12,4833333.33333,3,178000000.0,3,190000000.0,0,0.0,0,0.0,0,0.0,0,0.0,2,230000000.0,0,0.0,0,0.0,3,181000000.0,0,0.0,0,0.0,489,0.0,1,-1000000.0,1,0.0,0,0.0,3,-333333.333333,24,6208333.33333,1,0.0,1,0.0,0,0.0,3,0.0,0,0.0,0,0.0,0,0.0,0,0.0,0,0.0,0,0.0,1,0.0,0,0.0,0,0.0,3,-666666.666667,0,0.0,0,0.0,2,13500000.0,2,9000000.0,7,1857142.85714,7,1571428.57143,4,0.0,24,0.0,0,0.0,0.0400800986781,0.0399139421181,0.00515292389244,-0.0013244922253,-0.00413857854045,-0.0785070364158,-0.00131382373578,0.00815436803674,0.784410560969,-5.4601087821e-06,4.30581437348e-06,0.0,0.0,0.0,0.0,0.0,0.0,0.0,-9.02011949681e-06,8.8308927999e-06,-2.70995117328e-05,0.00272665886981,-0.00226256619287,-0.00397813814415,0.00232912899154,-0.00107591800139,-0.000244987301407,0,0,0,0,0,0,0,0,0,0,0,0,0,0,0,0,0,0,0,0,0,0,0,0,0,0,0,0,0,0,0,0,0,0,0,0,0,0,0,0,0,0,0,0,0,0,0,0,0,0,0,0,0,0,0,0,1,0,0,0,0,0,0,0,0,0,1,0,0,0,0,0,0,0,0,0,0,0,0,0,0,0,0,0,0,0,1,0,0,0,0,0,0,0,0,0,0,0,0,0,0,0,0,0,0,0,0,0,1,0,0,0
0,0.0,0,0.0,0,0.0,2,4000000.0,0,0.0,0,0.0,0,0.0,0,0.0,13,2615384.61538,0,0.0,16,2500000.0,0,0.0,0,0.0,3,333333.333333,13,2384615.38462,2,162500000.0,2,178500000.0,0,0.0,0,0.0,0,0.0,0,0.0,2,251000000.0,0,0.0,0,0.0,2,162500000.0,0,0.0,0,0.0,496,0.0,0,0.0,0,0.0,0,0.0,3,2000000.0,26,1769230.76923,0,0.0,0,0.0,0,0.0,2,0.0,0,0.0,0,0.0,0,0.0,0,0.0,0,0.0,0,0.0,0,0.0,0,0.0,0,0.0,3,333333.333333,0,0.0,0,0.0,3,-2333333.33333,3,-666666.666667,3,10333333.3333,3,10333333.3333,7,0.0,26,0.0,0,0.0,0.0400727482967,0.0399198842929,0.0956467650832,-0.0228683187797,-0.0751191523606,-0.227793056507,-0.0256871404538,0.149686981006,0.77054402624,0.000278612781381,-0.000288476897822,0.0,0.0,0.0,0.0,0.0,0.0,0.0,-7.41017080701e-05,6.54860194469e-05,-4.17786164697e-05,0.00365182180803,-0.00357475897709,-0.00567156554898,0.00319082783298,-0.00169142344463,-0.000466377185253,0,0,0,0,0,0,0,0,0,0,0,0,0,0,0,0,1,0,0,0,0,0,0,0,0,0,0,0,1,0,0,0,0,0,0,0,0,0,0,0,0,0,0,0,0,0,0,0,0,0,0,0,0,0,0,0,0,0,0,0,0,0,0,0,1,0,0,0,0,0,0,0,0,0,0,0,0,0,0,0,0,0,0,0,0,0,0,0,0,0,0,0,0,0,0,0,0,0,0,0,0,0,1,0,0,0,0,0,1,0,0,0
0,0.0,0,0.0,0,0.0,3,5000000.0,0,0.0,0,0.0,0,0.0,0,0.0,13,1076923.07692,0,0.0,15,1200000.0,0,0.0,0,0.0,2,0.0,13,1000000.0,2,171000000.0,1,190000000.0,0,0.0,0,0.0,0,0.0,0,0.0,2,255500000.0,0,0.0,0,0.0,2,171000000.0,0,0.0,0,0.0,490,0.0,0,0.0,0,0.0,0,0.0,2,0.0,25,800000.0,0,0.0,0,0.0,0,0.0,2,0.0,0,0.0,0,0.0,0,0.0,0,0.0,0,0.0,0,0.0,0,0.0,0,0.0,0,0.0,2,2000000.0,0,0.0,0,0.0,2,0.0,2,0.0,2,8000000.0,2,8000000.0,3,0.0,25,0.0,0,0.0,0.0400136143845,0.0399661834458,0.32569512536,-0.0776415804174,-0.255560775845,-0.607297312169,-0.0876523853856,0.509489351724,0.735293592536,0.00234274635517,-0.00239145290559,0.0,0.0,0.0,0.0,0.0,0.0,0.0,-0.000369844166666,0.000322183227736,-0.000101650982762,0.00584094330846,-0.0076002913612,-0.0103198047736,0.0055376105216,-0.00339139096514,-0.000739761065011,0,0,0,0,0,0,0,0,0,0,0,0,0,0,0,0,0,0,0,0,1,0,0,0,0,0,0,0,0,0,0,0,0,0,0,0,0,0,0,0,0,0,0,0,0,0,0,0,0,0,0,0,0,0,0,0,0,0,0,0,0,0,0,0,0,0,0,0,0,0,0,0,0,0,0,0,0,0,0,0,0,0,0,0,0,0,0,0,0,0,0,0,1,0,0,0,0,0,0,0,0,0,0,0,0,0,0,0,1,0,0,0
0,0.0,0,0.0,0,0.0,2,500000.0,0,0.0,0,0.0,0,0.0,0,0.0,12,916666.666667,0,0.0,15,3666666.66667,0,0.0,0,0.0,3,333333.333333,11,636363.636364,2,149500000.0,2,169500000.0,0,0.0,0,0.0,0,0.0,0,0.0,3,235333333.333,0,0.0,0,0.0,2,149500000.0,0,0.0,0,0.0,500,0.0,0,0.0,0,0.0,0,0.0,3,666666.666667,25,1520000.0,0,0.0,0,0.0,0,0.0,2,0.0,0,0.0,0,0.0,0,0.0,0,0.0,0,0.0,0,0.0,0,0.0,0,0.0,0,0.0,3,0.0,0,0.0,0,0.0,3,666666.666667,3,-333333.333333,2,9500000.0,2,10000000.0,24,0.0,24,0.0,0,0.0,0.039863441362,0.0400806385023,0.659750259528,-0.157179847446,-0.517581067759,-1.15837708571,-0.177634033723,1.03196192189,0.6841065009,0.00729955214828,-0.00738299505321,0.0,0.0,0.0,0.0,0.0,0.0,0.0,-0.000825297501552,0.000739231951287,-0.000163475556552,0.00745479134133,-0.0129782816934,-0.0156048453945,0.00753690241128,-0.00525984273839,-0.00078486140898,0,0,0,0,0,0,1,0,0,0,0,0,0,0,0,0,1,0,0,0,0,0,0,0,0,0,1,0,1,0,1,0,1,0,0,0,0,0,0,0,0,0,1,0,0,0,0,0,1,0,0,0,0,0,0,0,0,0,0,0,0,0,2,0,1,0,0,0,0,0,0,0,1,0,0,0,0,0,0,0,0,0,0,0,0,0,0,0,0,0,0,0,1,0,0,0,0,0,2,0,2,0,0,0,1,0,0,0,1,0,0,0
0,0.0,0,0.0,0,0.0,3,333333.333333,0,0.0,0,0.0,0,0.0,0,0.0,13,1692307.69231,0,0.0,15,2133333.33333,0,0.0,0,0.0,2,500000.0,13,1461538.46154,2,130000000.0,2,154000000.0,0,0.0,0,0.0,0,0.0,0,0.0,2,231000000.0,0,0.0,0,0.0,2,132500000.0,0,0.0,0,0.0,501,0.0,0,0.0,0,0.0,0,0.0,2,1000000.0,26,192307.692308,0,0.0,0,0.0,0,0.0,2,0.0,0,0.0,0,0.0,0,0.0,0,0.0,0,0.0,0,0.0,0,0.0,0,0.0,0,0.0,2,0.0,0,0.0,0,0.0,2,1000000.0,2,0.0,3,3333333.33333,3,3000000.0,2,0.0,25,0.0,0,0.0,0.0397679282858,0.0401479803309,1.01756099081,-0.242377087031,-0.798231978477,-1.74864152811,-0.27401700016,1.59159036222,0.629279359,0.0102199286063,-0.0102152799041,0.0,0.0,0.0,0.0,0.0,0.0,0.0,-0.000867614306105,0.000864943215914,-0.000270307416203,0.00640978847318,-0.0163276035907,-0.0170389066832,0.00721866577968,-0.00594471327783,-0.000819522848522,0,0,0,0,0,0,0,0,0,0,0,0,0,0,0,0,0,0,0,0,1,0,0,0,0,0,0,0,0,0,0,0,0,0,0,0,0,0,0,0,0,0,0,0,0,0,0,0,0,0,0,0,0,0,0,0,0,0,0,0,0,0,0,0,0,0,0,0,0,0,0,0,0,0,0,0,0,0,0,0,0,0,0,0,0,0,0,0,0,0,0,0,0,0,0,0,0,0,0,0,0,0,0,0,0,0,0,0,1,0,0,0
0,0.0,0,0.0,0,0.0,2,500000.0,0,0.0,0,0.0,0,0.0,0,0.0,12,1416666.66667,0,0.0,14,857142.857143,0,0.0,0,0.0,2,1500000.0,12,1250000.0,1,252000000.0,2,230000000.0,0,0.0,0,0.0,0,0.0,0,0.0,1,243000000.0,0,0.0,0,0.0,2,212500000.0,0,0.0,0,0.0,509,0.0,0,0.0,0,0.0,0,0.0,3,2000000.0,23,913043.478261,0,0.0,0,0.0,0,0.0,2,0.0,0,0.0,0,0.0,0,0.0,0,0.0,0,0.0,0,0.0,0,0.0,0,0.0,0,0.0,3,-1000000.0,0,0.0,0,0.0,3,0.0,3,666666.666667,2,4500000.0,2,4500000.0,6,0.0,24,0.0,0,0.0,0.0398913514011,0.0400505179271,1.27168867248,-0.302888009836,-0.997556440438,-2.16786127395,-0.342472829101,1.98905600601,0.590339643119,0.00632602380591,-0.00622461062578,0.0,0.0,0.0,0.0,0.0,0.0,0.0,-0.000665702060819,0.000762247848457,-0.000451331747171,0.00434957198367,-0.0165728935099,-0.0145003553562,0.00520331308999,-0.00549347845496,-0.000698726615948,0,0,0,0,0,0,0,0,0,0,0,0,0,0,0,0,1,0,0,0,0,0,0,0,0,0,0,0,1,0,0,0,0,0,0,0,0,0,0,0,0,0,0,0,0,0,0,0,0,0,0,0,0,0,0,0,0,0,0,0,0,0,0,0,1,0,0,0,0,0,0,0,0,0,0,0,0,0,0,0,0,0,0,0,0,0,0,0,0,0,0,0,0,0,0,0,0,0,0,0,0,0,0,0,0,0,0,0,1,0,0,0
0,0.0,0,0.0,0,0.0,3,1333333.33333,0,0.0,0,0.0,0,0.0,0,0.0,13,2923076.92308,0,0.0,16,4187500.0,0,0.0,0,0.0,3,6000000.0,13,2846153.84615,2,170500000.0,2,194000000.0,0,0.0,0,0.0,0,0.0,0,0.0,2,313000000.0,0,0.0,0,0.0,2,171000000.0,0,0.0,0,0.0,484,0.0,0,0.0,0,0.0,0,0.0,2,0.0,26,1653846.15385,0,0.0,0,0.0,0,0.0,2,0.0,0,0.0,0,0.0,0,0.0,0,0.0,0,0.0,0,0.0,0,0.0,0,0.0,0,0.0,2,0.0,0,0.0,0,0.0,2,0.0,2,-500000.0,2,1500000.0,2,1500000.0,2,0.0,26,0.0,0,0.0,0.0400684316405,0.0399192074253,1.39923546903,-0.333258614775,-1.09759666852,-2.37826676615,-0.376831450757,2.18854451726,0.570795887013,0.00113499439779,-0.00106588366834,0.0,0.0,0.0,0.0,0.0,0.0,0.0,-0.000792832366944,0.000861953320446,-0.000569509274296,0.00317631297541,-0.0158668262438,-0.012097248583,0.00358840561801,-0.00498114923497,-0.000529374070608,0,0,0,0,0,0,0,0,0,0,0,0,0,0,0,0,0,0,0,0,1,0,0,0,0,0,0,0,0,0,0,0,0,0,0,0,0,0,0,0,0,0,0,0,0,0,0,0,0,0,0,0,0,0,0,0,0,0,0,0,0,0,0,0,0,0,0,0,0,0,0,0,0,0,0,0,0,0,0,0,0,0,0,0,0,0,0,0,0,0,0,0,0,0,0,0,0,0,0,0,0,0,0,0,0,0,0,0,1,0,0,0
0,0.0,0,0.0,0,0.0,2,500000.0,0,0.0,0,0.0,0,0.0,0,0.0,12,2000000.0,1,0.0,14,2000000.0,1,0.0,1,0.0,6,-666666.666667,12,1916666.66667,2,168500000.0,2,179500000.0,0,0.0,0,0.0,0,0.0,0,0.0,2,244500000.0,0,0.0,0,0.0,2,168500000.0,0,0.0,0,0.0,500,0.0,2,0.0,1,2000000.0,1,0.0,5,1400000.0,25,1040000.0,1,0.0,0,0.0,0,0.0,2,0.0,0,0.0,0,0.0,0,0.0,0,0.0,0,0.0,0,0.0,0,0.0,0,0.0,0,0.0,3,2000000.0,0,0.0,0,0.0,3,-1333333.33333,3,3666666.66667,13,3076923.07692,13,3846153.84615,25,0.0,25,0.0,0,0.0,0.0401144918037,0.0398880182617,1.41910055227,-0.337279279617,-1.11362320989,-2.41124646987,-0.382144868994,2.22083240531,0.567644342262,-2.53901466493e-05,2.75552030658e-05,0.0,0.0,0.0,0.0,0.0,0.0,0.0,-0.00102087071761,0.00102255108839,-0.0005933426149,0.00299419773703,-0.0156798870681,-0.0116904828533,0.00331345140233,-0.00488537530034,-0.000494513635432,0,0,0,0,0,0,1,0,0,0,0,0,0,0,0,0,1,0,0,0,0,0,1,0,0,0,1,0,1,0,0,0,0,0,0,0,0,0,0,0,0,0,0,0,0,0,0,0,0,0,0,0,0,0,0,0,2,0,1,0,1,0,2,0,1,0,1,0,0,0,0,0,0,0,0,0,0,0,0,0,0,0,0,0,0,0,0,0,0,0,0,0,1,0,0,0,0,0,2,0,2,0,3,0,1,0,0,0,1,0,0,0
0,0.0,0,0.0,0,0.0,3,333333.333333,0,0.0,0,0.0,0,0.0,0,0.0,13,1538461.53846,0,0.0,15,1600000.0,0,0.0,0,0.0,2,500000.0,13,1538461.53846,2,171500000.0,2,204500000.0,0,0.0,0,0.0,0,0.0,0,0.0,2,235500000.0,0,0.0,0,0.0,2,171500000.0,0,0.0,0,0.0,501,0.0,0,0.0,0,0.0,0,0.0,2,500000.0,25,960000.0,0,0.0,0,0.0,0,0.0,2,0.0,0,0.0,0,0.0,0,0.0,0,0.0,0,0.0,0,0.0,0,0.0,0,0.0,0,0.0,2,2500000.0,0,0.0,0,0.0,2,1000000.0,2,1500000.0,2,0.0,2,0.0,3,0.0,25,0.0,0,0.0,0.0401134158033,0.0398889146504,1.43878074261,-0.311104071043,-1.14226075283,-2.42516015923,-0.368152996699,2.25787812483,0.555305302258,-1.53434456885e-05,1.58758395451e-05,0.0,0.0,0.0,0.0,0.0,0.0,0.0,-0.00099855240715,0.000998259067065,-0.000628447368142,0.00291723978479,-0.0147320422991,-0.012069645074,0.00345701541083,-0.00476936552066,-0.000480530532376,0,0,0,0,0,0,0,0,0,0,0,0,0,0,0,0,0,0,0,0,1,0,0,0,0,0,0,0,0,0,0,0,0,0,0,0,0,0,0,0,0,0,0,0,0,0,0,0,0,0,0,0,0,0,0,0,0,0,0,0,0,0,0,0,0,0,0,0,0,0,0,0,0,0,0,0,0,0,0,0,0,0,0,0,0,0,0,0,0,0,0,0,1,0,0,0,0,0,0,0,0,0,0,0,0,0,0,0,1,0,0,0
0,0.0,0,0.0,0,0.0,2,1500000.0,0,0.0,0,0.0,0,0.0,0,0.0,12,1000000.0,0,0.0,14,2142857.14286,0,0.0,0,0.0,2,2000000.0,12,833333.333333,2,196000000.0,1,154000000.0,0,0.0,0,0.0,0,0.0,0,0.0,2,241500000.0,0,0.0,0,0.0,1,138000000.0,0,0.0,0,0.0,500,0.0,0,0.0,0,0.0,0,0.0,3,0.0,24,833333.333333,0,0.0,0,0.0,0,0.0,2,0.0,0,0.0,0,0.0,0,0.0,0,0.0,0,0.0,0,0.0,0,0.0,0,0.0,0,0.0,3,1333333.33333,0,0.0,0,0.0,3,-1666666.66667,3,666666.666667,2,9000000.0,1,1000000.0,6,0.0,24,0.0,0,0.0,0.0401125681449,0.0398895616233,1.49939335605,-0.240989798253,-1.21938686795,-2.45308825738,-0.317047782283,2.34237187666,0.514330952725,-3.01525272381e-05,3.04569261463e-05,0.0,0.0,0.0,0.0,0.0,0.0,0.0,-0.000959695249033,0.000959191368607,-0.000754435202519,0.00264914867886,-0.0120401329783,-0.0131878270251,0.00392486017738,-0.0044621314801,-0.000427795493929,0,0,0,0,0,0,0,0,0,0,0,0,0,0,0,0,1,0,0,0,0,0,0,0,0,0,0,0,1,0,0,0,0,0,0,0,0,0,0,0,0,0,0,0,0,0,0,0,0,0,0,0,0,0,0,0,0,0,0,0,0,0,0,0,1,0,0,0,0,0,0,0,0,0,0,0,0,0,0,0,0,0,0,0,0,0,0,0,0,0,0,0,0,0,0,0,0,0,0,0,0,0,0,0,0,0,0,0,1,0,0,0
0,0.0,0,0.0,0,0.0,3,3333333.33333,0,0.0,0,0.0,0,0.0,0,0.0,13,1846153.84615,0,0.0,16,4312500.0,0,0.0,0,0.0,3,5000000.0,13,1846153.84615,1,208000000.0,2,273500000.0,0,0.0,0,0.0,0,0.0,0,0.0,2,344500000.0,0,0.0,0,0.0,1,211000000.0,0,0.0,0,0.0,496,0.0,0,0.0,0,0.0,0,0.0,1,0.0,26,3230769.23077,0,0.0,0,0.0,0,0.0,2,0.0,0,0.0,0,0.0,0,0.0,0,0.0,0,0.0,0,0.0,0,0.0,0,0.0,0,0.0,2,3000000.0,0,0.0,0,0.0,2,2000000.0,2,-500000.0,1,7000000.0,1,16000000.0,2,0.0,26,0.0,0,0.0,0.0401123005358,0.0398897263953,1.58568458684,-0.15748936999,-1.31382801932,-2.47492954706,-0.230770947912,2.42027650126,0.449420868623,-3.06550984611e-05,3.15682839992e-05,0.0,0.0,0.0,0.0,0.0,0.0,0.0,-0.000949804540268,0.000950115667049,-0.000880583813303,0.00220025459474,-0.00853374074539,-0.0146971571121,0.00465835082888,-0.00412456995359,-0.000368464222426,0,0,0,0,0,0,0,0,0,0,0,0,0,0,0,0,0,0,0,0,1,0,0,0,0,0,0,0,0,0,0,0,0,0,0,0,0,0,0,0,0,0,0,0,0,0,0,0,0,0,0,0,0,0,0,0,0,0,0,0,0,0,0,0,0,0,0,0,0,0,0,0,0,0,0,0,0,0,0,0,0,0,0,0,0,0,0,0,0,0,0,0,0,0,0,0,0,0,0,0,0,0,0,0,0,0,0,0,1,0,0,0
0,0.0,0,0.0,0,0.0,2,0.0,0,0.0,0,0.0,0,0.0,0,0.0,12,1333333.33333,0,0.0,15,1533333.33333,0,0.0,0,0.0,3,-333333.333333,12,1250000.0,1,151000000.0,2,175000000.0,0,0.0,0,0.0,0,0.0,0,0.0,2,259000000.0,0,0.0,0,0.0,2,166000000.0,0,0.0,0,0.0,498,0.0,0,0.0,0,0.0,0,0.0,3,2666666.66667,25,1600000.0,0,0.0,0,0.0,0,0.0,2,0.0,0,0.0,0,0.0,0,0.0,0,0.0,0,0.0,0,0.0,0,0.0,0,0.0,0,0.0,3,3333333.33333,0,0.0,0,0.0,3,-333333.333333,3,2000000.0,2,3000000.0,2,3000000.0,16,0.0,25,0.0,0,0.0,0.0401135005504,0.0398888029508,1.6752252513,-0.0789769990637,-1.401718506,-2.4870897076,-0.124771241714,2.46931407705,0.371786129101,-2.50330357356e-05,2.63462447558e-05,0.0,0.0,0.0,0.0,0.0,0.0,0.0,-0.000991408404784,0.000992255768791,-0.00100354527258,0.00168797804708,-0.00499866119465,-0.016319912037,0.0055772663816,-0.00388432097986,-0.000339357600102,0,0,0,0,0,0,0,0,0,0,0,0,0,0,0,0,1,0,0,0,0,0,0,0,0,0,1,0,1,0,0,0,1,0,0,0,0,0,0,0,0,0,1,0,0,0,0,0,0,0,0,0,0,0,0,0,0,0,0,0,0,0,0,0,1,0,0,0,0,0,0,0,1,0,0,0,0,0,0,0,0,0,0,0,0,0,0,0,0,0,0,0,1,0,0,0,0,0,2,0,2,0,0,0,0,0,0,0,1,0,0,0
0,0.0,0,0.0,0,0.0,3,666666.666667,0,0.0,0,0.0,0,0.0,0,0.0,13,5769230.76923,0,0.0,15,5000000.0,0,0.0,0,0.0,2,1000000.0,13,5769230.76923,2,205000000.0,2,220000000.0,0,0.0,0,0.0,0,0.0,0,0.0,1,398000000.0,0,0.0,0,0.0,2,205000000.0,0,0.0,0,0.0,493,0.0,0,0.0,0,0.0,0,0.0,2,6500000.0,25,4360000.0,0,0.0,0,0.0,0,0.0,2,0.0,0,0.0,0,0.0,0,0.0,0,0.0,0,0.0,0,0.0,0,0.0,0,0.0,0,0.0,2,500000.0,0,0.0,0,0.0,2,9500000.0,2,7000000.0,2,4000000.0,2,4000000.0,11,0.0,25,0.0,0,0.0,0.0401166573911,0.0398864429833,1.74034328059,-0.00302841614289,-1.45934198544,-2.49184333929,-0.0045761195664,2.49052397043,0.284567706785,-4.58996601855e-05,4.69462319878e-05,0.0,0.0,0.0,0.0,0.0,0.0,0.0,-0.00106542462352,0.00106624462577,-0.00119413980583,0.00143948902226,-0.00179443271583,-0.018006193037,0.00658542852395,-0.00370710691518,-0.000294064198945,0,0,0,0,0,0,1,0,0,0,0,0,0,0,0,0,0,0,0,0,1,0,0,0,0,0,0,0,0,0,1,0,0,0,0,0,0,0,0,0,0,0,0,0,0,0,0,0,1,0,0,0,0,0,0,0,0,0,0,0,0,0,2,0,0,0,0,0,0,0,0,0,0,0,0,0,0,0,0,0,0,0,0,0,0,0,0,0,0,0,0,0,1,0,0,0,0,0,0,0,0,0,0,0,1,0,0,0,1,0,0,0
0,0.0,0,0.0,0,0.0,2,3000000.0,0,0.0,0,0.0,0,0.0,0,0.0,12,2000000.0,0,0.0,15,2733333.33333,0,0.0,0,0.0,3,1333333.33333,12,1000000.0,2,142000000.0,1,134000000.0,0,0.0,0,0.0,0,0.0,0,0.0,2,166000000.0,0,0.0,0,0.0,2,142000000.0,0,0.0,0,0.0,500,0.0,0,0.0,0,0.0,0,0.0,3,4666666.66667,25,680000.0,0,0.0,0,0.0,0,0.0,2,0.0,0,0.0,0,0.0,0,0.0,0,0.0,0,0.0,0,0.0,0,0.0,0,0.0,0,0.0,3,3333333.33333,0,0.0,0,0.0,3,0.0,3,0.0,2,0.0,2,0.0,6,0.0,25,0.0,0,0.0,0.0401177355487,0.0398855986067,1.75277101702,0.0717127583497,-1.46264576287,-2.49220296038,0.118670777799,2.49597308603,0.195446076243,-2.16292210541e-05,2.33637601653e-05,0.0,0.0,0.0,0.0,0.0,0.0,0.0,-0.00112181439582,0.00112336784368,-0.00137420025225,0.00180485534882,0.000605189539631,-0.019659032942,0.00758571362592,-0.00356205361041,-0.000234687434473,0,0,0,0,0,0,0,0,0,0,0,0,0,0,0,0,1,0,0,0,0,0,0,0,0,0,0,0,1,0,0,0,0,0,0,0,0,0,0,0,0,0,0,0,0,0,0,0,0,0,0,0,0,0,0,0,0,0,0,0,0,0,0,0,1,0,0,0,0,0,0,0,0,0,0,0,0,0,0,0,0,0,0,0,0,0,0,0,0,0,0,0,0,0,0,0,0,0,0,0,0,0,0,0,0,0,0,0,1,0,0,0
0,0.0,0,0.0,0,0.0,3,2000000.0,0,0.0,0,0.0,0,0.0,0,0.0,13,2846153.84615,0,0.0,15,1800000.0,0,0.0,0,0.0,2,4000000.0,13,2615384.61538,2,174500000.0,2,190500000.0,0,0.0,0,0.0,0,0.0,0,0.0,2,292000000.0,0,0.0,0,0.0,0,0.0,0,0.0,0,0.0,499,0.0,0,0.0,0,0.0,0,0.0,2,0.0,25,1560000.0,0,0.0,0,0.0,0,0.0,2,0.0,0,0.0,0,0.0,0,0.0,0,0.0,0,0.0,0,0.0,0,0.0,0,0.0,0,0.0,2,2500000.0,0,0.0,0,0.0,2,0.0,2,0.0,2,500000.0,2,4000000.0,2,0.0,25,0.0,0,0.0,0.0401175597689,0.0398858600789,1.72351860954,0.120510988602,-1.42678659939,-2.49200648332,0.200030803161,2.499975323,0.136774544209,1.36009822935e-05,-1.44886019259e-05,0.0,0.0,0.0,0.0,0.0,0.0,0.0,-0.00115193144924,0.00115092054714,-0.0015000577755,0.00248208423597,0.00159396013646,-0.0206853587007,0.00818421521318,-0.00346164484178,-0.000190442178987,0,0,0,0,0,0,0,0,0,0,0,0,0,0,0,0,0,0,0,0,1,0,0,0,0,0,0,0,0,0,0,0,0,0,0,0,0,0,0,0,0,0,0,0,0,0,0,0,0,0,0,0,0,0,0,0,0,0,0,0,0,0,0,0,0,0,0,0,0,0,0,0,0,0,0,0,0,0,0,0,0,0,0,0,0,0,0,0,0,0,0,0,0,0,0,0,0,0,0,0,0,0,0,0,0,0,0,0,1,0,0,0
0,0.0,0,0.0,0,0.0,2,27500000.0,0,0.0,0,0.0,0,0.0,0,0.0,12,19000000.0,0,0.0,15,20666666.6667,0,0.0,0,0.0,3,25000000.0,12,18750000.0,2,196500000.0,2,214000000.0,0,0.0,0,0.0,0,0.0,0,0.0,2,287000000.0,0,0.0,0,0.0,1,253000000.0,0,0.0,0,0.0,501,0.0,0,0.0,0,0.0,0,0.0,3,3666666.66667,25,19960000.0,0,0.0,0,0.0,0,0.0,2,0.0,0,0.0,0,0.0,0,0.0,0,0.0,0,0.0,0,0.0,0,0.0,0,0.0,0,0.0,3,1666666.66667,0,0.0,0,0.0,3,37000000.0,3,33000000.0,2,3000000.0,2,3000000.0,10,0.0,24,0.0,0,0.0,0.0401168656333,0.0398863446648,1.64834453149,0.149737673078,-1.34622383284,-2.49269114891,0.249394802716,2.51170195354,0.101567888351,7.9448894206e-06,-8.14652147549e-06,0.0,0.0,0.0,0.0,0.0,0.0,0.0,-0.00112536854262,0.00112511542989,-0.00158831583551,0.00355482310856,0.00124700907176,-0.0212120518124,0.00844282306694,-0.00337164629475,-0.000165313827707,0,0,0,0,0,0,0,0,0,0,0,0,0,0,0,0,1,0,0,0,0,0,0,0,0,0,0,0,1,0,0,0,0,0,0,0,0,0,0,0,0,0,0,0,0,0,0,0,0,0,0,0,0,0,0,0,0,0,0,0,0,0,0,0,1,0,0,0,0,0,0,0,0,0,0,0,0,0,0,0,0,0,0,0,0,0,0,0,0,0,0,0,1,0,0,0,0,0,1,0,1,0,1,0,0,0,0,0,1,0,0,0
0,0.0,0,0.0,0,0.0,3,333333.333333,0,0.0,0,0.0,0,0.0,0,0.0,13,2153846.15385,0,0.0,15,4333333.33333,0,0.0,0,0.0,2,500000.0,13,1615384.61538,2,158000000.0,2,181500000.0,0,0.0,0,0.0,0,0.0,0,0.0,2,218000000.0,0,0.0,0,0.0,1,150000000.0,0,0.0,0,0.0,493,0.0,0,0.0,0,0.0,0,0.0,2,-1000000.0,25,3040000.0,0,0.0,0,0.0,0,0.0,2,0.0,0,0.0,0,0.0,0,0.0,0,0.0,0,0.0,0,0.0,0,0.0,0,0.0,0,0.0,2,-2000000.0,0,0.0,0,0.0,2,3500000.0,2,500000.0,2,9500000.0,2,9500000.0,8,0.0,25,0.0,0,0.0,0.0401157836576,0.0398871739849,1.5334619501,0.215191288929,-1.21746481172,-2.49179773364,0.36009124258,2.53715852684,0.0231531710828,7.97928322202e-06,-8.56541800941e-06,0.0,0.0,0.0,0.0,0.0,0.0,0.0,-0.00109294501116,0.00109236131382,-0.0017745590194,0.00533381153472,0.00117793864793,-0.0222921371591,0.00896029962925,-0.003175762121,-0.000114598234748,0,0,0,0,0,0,1,0,0,0,0,0,0,0,0,0,0,0,0,0,1,0,0,0,0,0,1,0,0,0,0,0,0,0,0,0,0,0,0,0,0,0,0,0,0,0,0,0,0,0,0,0,0,0,0,0,0,0,0,0,0,0,2,0,0,0,0,0,0,0,0,0,0,0,0,0,0,0,0,0,0,0,0,0,0,0,0,0,0,0,0,0,1,0,0,0,0,0,1,0,1,0,0,0,0,0,0,0,0,0,0,0
0,0.0,0,0.0,0,0.0,2,0.0,0,0.0,0,0.0,0,0.0,0,0.0,11,3090909.09091,0,0.0,15,2733333.33333,0,0.0,0,0.0,2,2500000.0,11,2909090.90909,1,207000000.0,0,0.0,0,0.0,0,0.0,0,0.0,0,0.0,2,272500000.0,0,0.0,0,0.0,1,207000000.0,0,0.0,0,0.0,497,0.0,0,0.0,0,0.0,0,0.0,3,3333333.33333,24,2791666.66667,0,0.0,0,0.0,0,0.0,2,0.0,0,0.0,0,0.0,0,0.0,0,0.0,0,0.0,0,0.0,0,0.0,0,0.0,0,0.0,2,3000000.0,0,0.0,0,0.0,3,0.0,3,333333.333333,2,2000000.0,2,4000000.0,8,0.0,23,0.0,0,0.0,0.0401147029488,0.0398879802711,1.43880512226,0.275418759722,-1.10744602968,-2.48784859567,0.461859746434,2.56425285746,-0.0482825245905,3.23025481108e-06,-3.75453455448e-06,0.0,0.0,0.0,0.0,0.0,0.0,0.0,-0.00105576842493,0.0010552921608,-0.00194519759226,0.00682882388041,0.00111203837223,-0.0231164493258,0.0093170147692,-0.00299180226123,-7.55148980299e-05,0,0,0,0,0,0,0,0,0,0,0,0,0,0,0,0,1,0,0,0,0,0,0,0,0,0,0,0,1,0,0,0,0,0,0,0,0,0,0,0,0,0,0,0,0,0,0,0,0,0,0,0,0,0,0,0,0,0,0,0,0,0,0,0,1,0,0,0,0,0,0,0,0,0,0,0,0,0,0,0,0,0,0,0,0,0,0,0,0,0,0,0,0,0,0,0,0,0,0,0,0,0,1,0,0,0,0,0,2,0,0,0
0,0.0,0,0.0,0,0.0,3,0.0,0,0.0,0,0.0,0,0.0,0,0.0,13,2769230.76923,0,0.0,15,933333.333333,0,0.0,0,0.0,3,3000000.0,13,2615384.61538,2,223000000.0,1,239000000.0,0,0.0,0,0.0,0,0.0,0,0.0,2,286000000.0,0,0.0,0,0.0,2,225500000.0,0,0.0,0,0.0,489,0.0,0,0.0,0,0.0,0,0.0,2,-500000.0,25,2760000.0,0,0.0,0,0.0,0,0.0,2,0.0,0,0.0,0,0.0,0,0.0,0,0.0,0,0.0,0,0.0,0,0.0,0,0.0,0,0.0,2,1000000.0,0,0.0,0,0.0,2,3000000.0,2,0.0,2,14000000.0,1,0.0,1,0.0,26,0.0,0,0.0,0.0401140804255,0.0398884321467,1.39162561138,0.307170888938,-1.05129273835,-2.48410884897,0.515046609161,2.57964713858,-0.0854353712014,-2.43520701084e-06,2.20557659309e-06,0.0,0.0,0.0,0.0,0.0,0.0,0.0,-0.00103142476306,0.0010312537656,-0.00203194103749,0.00757624036925,0.00104214626094,-0.0234751455787,0.00945602209576,-0.00289534374598,-5.79540569206e-05,0,0,0,0,0,0,0,0,0,0,0,0,0,0,0,0,0,0,0,0,1,0,0,0,0,0,0,0,0,0,0,0,0,0,0,0,0,0,0,0,0,0,0,0,0,0,0,0,0,0,0,0,0,0,0,0,0,0,0,0,0,0,0,0,0,0,0,0,0,0,0,0,0,0,0,0,0,0,0,0,0,0,0,0,0,0,0,0,0,0,0,0,0,0,0,0,0,0,0,0,0,0,0,0,0,0,0,0,0,0,0,0
10,700000.0,1,3000000.0,0,0.0,3,1000000.0,0,0.0,0,0.0,0,0.0,0,0.0,12,1750000.0,1,0.0,3,3000000.0,0,0.0,1,2000000.0,5,2800000.0,12,1666666.66667,2,199000000.0,2,212500000.0,0,0.0,0,0.0,0,0.0,0,0.0,2,292000000.0,0,0.0,0,0.0,2,207500000.0,0,0.0,0,0.0,480,0.0,2,4000000.0,1,0.0,1,4000000.0,5,1200000.0,25,1560000.0,1,0.0,2,3000000.0,1,6000000.0,2,0.0,0,0.0,0,0.0,0,0.0,0,0.0,0,0.0,0,0.0,1,1000000.0,0,0.0,0,0.0,5,1200000.0,0,0.0,0,0.0,3,0.0,3,2666666.66667,14,4142857.14286,14,4428571.42857,26,0.0,24,0.0,0,0.0,0.0371467905466,0.0367805374415,1.38255185686,0.31342422412,-1.04039542818,-2.48323164827,0.525449968024,2.58274275956,-0.0926886036054,-0.0261980123596,-0.0269632539551,0.0,0.0,0.0,0.0,0.0,0.0,0.0,-0.0259239402416,-0.0246370818026,-0.00204548470315,0.00771898906519,0.00102406010871,-0.0235387921691,0.00947916313171,-0.00287655032605,-5.45951958301e-05,0,0,0,0,0,0,0,0,0,0,0,0,0,0,0,0,1,0,1,0,0,0,0,0,1,0,0,0,1,0,0,0,1,0,0,0,0,0,0,0,0,0,1,0,0,0,0,0,0,0,0,0,0,0,0,0,2,0,1,0,2,0,0,0,1,0,1,0,2,0,1,0,1,0,0,0,0,0,0,0,0,0,0,0,0,0,2,0,0,0,0,0,1,0,0,0,0,0,0,0,1,0,0,0,0,0,0,0,2,0,0,0
15,1066666.66667,0,0.0,0,0.0,3,666666.666667,0,0.0,0,0.0,0,0.0,0,0.0,13,461538.461538,0,0.0,0,0.0,0,0.0,0,0.0,3,2000000.0,13,230769.230769,1,234000000.0,1,238000000.0,0,0.0,0,0.0,0,0.0,0,0.0,1,280000000.0,0,0.0,0,0.0,2,240000000.0,0,0.0,0,0.0,499,0.0,0,0.0,0,0.0,0,0.0,2,0.0,25,160000.0,0,0.0,0,0.0,0,0.0,2,0.0,0,0.0,0,0.0,0,0.0,0,0.0,0,0.0,0,0.0,0,0.0,0,0.0,0,0.0,2,-1000000.0,0,0.0,0,0.0,2,-1000000.0,2,-2000000.0,2,7500000.0,2,7500000.0,8,0.0,25,0.0,0,0.0,0.0213080776906,0.020451550095,1.38255289468,0.313419303255,-1.04040118881,-2.4832139127,0.525444747814,2.58272856534,-0.0926862993294,-0.152651168105,-0.151772833593,0.0,0.0,0.0,0.0,0.0,0.0,0.0,-0.0125858727562,-0.0255785659826,-0.000514215166405,0.000941703016712,-0.00498215965747,-0.000144708157684,0.00196125664166,-0.0165213275996,0.00226536869429,0,0,0,0,0,0,1,0,0,0,0,0,0,0,0,0,0,0,0,0,0,0,0,0,0,0,1,0,0,0,0,0,0,0,0,0,0,0,0,0,0,0,0,0,0,0,0,0,1,0,0,0,0,0,0,0,0,0,0,0,0,0,0,0,0,0,0,0,0,0,0,0,0,0,0,0,0,0,0,0,0,0,0,0,0,0,0,0,0,0,0,0,0,0,0,0,0,0,2,0,1,0,0,0,1,0,0,0,0,0,0,0
14,1714285.71429,0,0.0,0,0.0,2,2000000.0,0,0.0,0,0.0,0,0.0,0,0.0,12,1833333.33333,0,0.0,0,0.0,0,0.0,0,0.0,2,2000000.0,12,1833333.33333,1,207000000.0,1,207000000.0,0,0.0,0,0.0,0,0.0,0,0.0,2,320500000.0,0,0.0,0,0.0,1,207000000.0,0,0.0,0,0.0,479,0.0,0,0.0,0,0.0,0,0.0,3,4333333.33333,25,2360000.0,0,0.0,0,0.0,0,0.0,2,0.0,0,0.0,0,0.0,0,0.0,0,0.0,0,0.0,0,0.0,0,0.0,0,0.0,0,0.0,3,3000000.0,0,0.0,0,0.0,3,-666666.666667,3,-7666666.66667,1,22000000.0,1,22000000.0,11,0.0,26,0.0,0,0.0,0.0204398845402,0.0191552988524,1.38255270746,0.313414927886,-1.040421738,-2.48317969391,0.52542881242,2.58267087395,-0.0926777082168,-0.198735653417,-0.177394509927,0.0,0.0,0.0,0.0,0.0,0.0,0.0,-0.00719251591853,-0.0249085302316,-0.000698249853062,-0.00343970415337,-0.0255256042196,0.0341119190866,-0.0139971901397,-0.074398482207,0.0108626033198,1,0,0,0,0,0,0,0,0,0,0,0,0,0,0,0,1,0,0,0,0,0,0,0,0,0,0,0,1,0,0,0,0,0,0,0,0,0,0,0,0,0,0,0,0,0,0,0,0,0,0,0,0,0,0,0,0,0,0,0,0,0,2,1,1,0,0,0,0,0,0,0,0,0,0,0,0,0,0,0,0,0,0,0,0,0,0,0,0,0,0,0,1,0,0,0,0,0,0,0,0,0,0,0,0,0,0,0,2,0,0,0
15,666666.666667,0,0.0,0,0.0,3,1333333.33333,0,0.0,0,0.0,0,0.0,0,0.0,13,153846.153846,0,0.0,0,0.0,0,0.0,0,0.0,3,2666666.66667,13,230769.230769,3,162666666.667,3,172333333.333,0,0.0,0,0.0,0,0.0,0,0.0,2,254000000.0,0,0.0,0,0.0,2,137500000.0,0,0.0,0,0.0,501,0.0,0,0.0,0,0.0,0,0.0,2,0.0,25,720000.0,0,0.0,0,0.0,0,0.0,2,0.0,0,0.0,0,0.0,0,0.0,0,0.0,0,0.0,0,0.0,0,0.0,0,0.0,0,0.0,2,0.0,0,0.0,0,0.0,2,0.0,2,-500000.0,3,6000000.0,3,6000000.0,0,0.0,25,0.0,0,0.0,0.0204377521364,0.0191547351428,1.38255267418,0.313414988887,-1.04042192312,-2.48317947618,0.525428619349,2.58267019296,-0.0926776381502,-0.193764070923,-0.177500317248,0.0,0.0,0.0,0.0,0.0,0.0,0.0,-0.00541627100838,-0.0247777220336,-0.000731390238509,-0.00337861811461,-0.0257107208582,0.0343294137843,-0.0141898788002,-0.0750793799139,0.0109322795118,0,0,0,0,0,0,0,0,0,0,0,0,0,0,0,0,0,0,0,0,0,0,0,0,0,0,0,0,0,0,0,0,0,0,0,0,0,0,0,0,0,0,0,0,0,0,0,0,0,0,0,0,0,0,0,0,0,0,0,0,0,0,0,0,0,0,0,0,0,0,0,0,0,0,0,0,0,0,0,0,0,0,0,0,0,0,0,0,0,0,0,0,0,0,0,0,0,0,0,0,0,0,0,0,0,0,0,0,0,0,0,0
11,181818.181818,0,0.0,1,2000000.0,3,1000000.0,0,0.0,0,0.0,0,0.0,0,0.0,12,250000.0,0,0.0,0,0.0,0,0.0,0,0.0,3,1333333.33333,12,166666.666667,2,145000000.0,2,153500000.0,0,0.0,0,0.0,0,0.0,0,0.0,3,200333333.333,0,0.0,0,0.0,2,145500000.0,0,0.0,0,0.0,502,0.0,1,0.0,0,0.0,1,0.0,4,-250000.0,25,160000.0,0,0.0,1,0.0,1,0.0,2,0.0,0,0.0,0,0.0,0,0.0,0,0.0,0,0.0,0,0.0,0,0.0,0,0.0,0,0.0,4,-250000.0,0,0.0,0,0.0,3,0.0,3,-333333.333333,13,76923.0769231,13,76923.0769231,14,0.0,25,0.0,0,0.0,0.0202649998468,0.019159833181,1.38255270366,0.313415318235,-1.04042021085,-2.48318332056,0.525431663636,2.58268048296,-0.0926782092265,-5.73340904773,-5.52779631176,0.0,0.0,0.0,0.0,0.0,0.0,0.0,5.87636325744e-06,-0.0242733452565,-0.000701770152074,-0.00304709662951,-0.0240177987107,0.0304854511758,-0.0112538309804,-0.0654185300889,0.0104083774776,1,0,0,0,0,0,0,0,0,0,0,0,0,0,0,0,1,0,0,0,0,0,0,0,0,0,0,0,1,0,0,0,0,0,0,0,0,0,0,0,0,0,0,0,0,0,0,0,0,0,0,0,0,0,0,0,0,0,0,0,1,0,0,0,1,0,0,0,1,0,1,0,0,0,0,0,0,0,0,0,0,0,0,0,0,0,0,0,0,0,0,0,1,0,0,0,0,0,0,0,0,0,2,0,0,0,0,0,2,0,0,0
0,0.0,0,0.0,0,0.0,3,1333333.33333,0,0.0,0,0.0,0,0.0,0,0.0,13,538461.538462,0,0.0,2,0.0,1,0.0,1,-1000000.0,4,500000.0,13,538461.538462,3,120666666.667,3,131333333.333,0,0.0,0,0.0,0,0.0,0,0.0,2,198500000.0,0,0.0,0,0.0,3,120666666.667,0,0.0,0,0.0,501,0.0,2,0.0,1,0.0,1,0.0,4,0.0,25,400000.0,1,0.0,2,0.0,1,0.0,1,0.0,0,0.0,0,0.0,0,0.0,0,0.0,0,0.0,0,0.0,1,0.0,0,0.0,0,0.0,4,-250000.0,0,0.0,0,0.0,2,0.0,2,0.0,16,62500.0,16,312500.0,9,0.0,25,0.0,0,0.0,0.0198556618593,0.0191694969873,1.38259715244,0.313507278255,-1.04038199868,-2.48324388585,0.525444928613,2.58290087704,-0.0926632093945,-25.0,-25.0,0.0,0.0,0.0,0.0,0.0,0.0,0.0,0.0105967330616,-0.0192593173655,0.000259202504255,-0.00165242717913,-0.00458474640297,-0.000693287011962,0.0107127344909,0.00150437829613,0.00231316007879,0,0,0,0,0,0,0,0,0,0,0,0,0,0,0,0,0,0,0,0,1,0,1,0,1,0,1,0,0,0,0,0,0,0,0,0,0,0,0,0,0,0,0,0,0,0,0,0,0,0,0,0,0,0,0,0,0,0,0,0,0,0,0,0,0,0,0,0,0,0,0,0,0,0,0,0,0,0,0,0,0,0,0,0,0,0,1,0,0,0,0,0,0,0,0,0,0,0,2,0,2,0,0,0,0,0,0,0,0,0,0,0
0,0.0,0,0.0,0,0.0,2,500000.0,0,0.0,0,0.0,0,0.0,0,0.0,12,750000.0,0,0.0,7,857142.857143,1,0.0,0,0.0,4,0.0,12,833333.333333,3,93666666.6667,3,103333333.333,0,0.0,0,0.0,0,0.0,0,0.0,4,155750000.0,0,0.0,0,0.0,3,93666666.6667,0,0.0,0,0.0,480,0.0,1,0.0,1,0.0,0,0.0,4,-5000000.0,25,1320000.0,1,0.0,1,0.0,0,0.0,3,0.0,0,0.0,0,0.0,0,0.0,0,0.0,0,0.0,0,0.0,1,0.0,0,0.0,0,0.0,4,-500000.0,0,0.0,0,0.0,3,-3000000.0,3,-5000000.0,8,5000000.0,8,5000000.0,11,0.0,25,0.0,0,0.0,0.0199039197939,0.0191523496078,1.3816803859,0.310761314874,-1.03526966162,-2.48295152647,0.524337128684,2.58080592117,-0.0874728714668,-25.0,-25.0,0.0,0.0,0.0,0.0,0.0,0.0,0.0,0.00922725462619,-0.0176031358258,-0.000152945242108,-0.00194957953556,-0.0104421222262,0.0150825959094,-0.00281244369633,-0.0409178502569,0.0042382192517,0,0,0,0,0,0,1,0,0,0,0,0,0,0,0,0,1,0,0,0,0,0,0,0,0,0,0,0,1,0,0,0,0,0,0,0,0,0,0,0,0,0,0,0,0,0,0,0,0,0,0,0,0,0,0,0,0,0,0,0,0,0,2,0,1,0,0,0,0,0,0,0,0,0,0,0,0,0,0,0,0,0,0,0,0,0,0,0,0,0,0,0,1,0,0,0,0,0,0,0,0,0,0,0,0,0,0,0,2,0,0,0
0,0.0,0,0.0,0,0.0,3,666666.666667,0,0.0,0,0.0,0,0.0,0,0.0,12,2000000.0,0,0.0,15,1666666.66667,0,0.0,0,0.0,2,2000000.0,12,2000000.0,2,148000000.0,0,0.0,0,0.0,0,0.0,0,0.0,0,0.0,2,234500000.0,0,0.0,0,0.0,2,148500000.0,0,0.0,0,0.0,495,0.0,0,0.0,0,0.0,0,0.0,2,-2000000.0,24,1333333.33333,0,0.0,0,0.0,0,0.0,1,0.0,0,0.0,0,0.0,0,0.0,0,0.0,0,0.0,0,0.0,0,0.0,0,0.0,0,0.0,2,0.0,0,0.0,0,0.0,2,-2500000.0,2,3000000.0,2,500000.0,2,500000.0,0,0.0,24,0.0,0,0.0,0.0197421558883,0.0191477837051,1.35724157213,0.240340663991,-0.917068417104,-2.47442668013,0.499288427495,2.521845324,0.0321094399809,-25.0,-25.0,0.0,0.0,0.0,0.0,0.0,0.0,0.0,-0.00124705267979,-0.00605790442158,-0.00355926081689,0.00169830436253,-0.0386420618758,0.0525842190865,-0.0333834524147,-0.13136506176,0.013926390415,0,0,0,0,0,0,0,0,0,0,0,0,0,0,0,0,0,0,0,0,0,0,0,0,0,0,0,0,0,0,0,0,0,0,0,0,0,0,0,0,0,0,0,0,0,0,0,0,0,0,0,0,0,0,0,0,0,0,0,0,0,0,0,0,0,0,0,0,0,0,0,0,0,0,0,0,0,0,0,0,0,0,0,0,0,0,0,0,0,0,0,0,0,0,0,0,0,0,0,0,0,0,0,0,0,0,0,0,0,0,0,0
0,0.0,0,0.0,0,0.0,2,0.0,0,0.0,0,0.0,0,0.0,0,0.0,13,1461538.46154,0,0.0,15,1400000.0,0,0.0,0,0.0,3,333333.333333,13,1538461.53846,2,164000000.0,2,184000000.0,0,0.0,0,0.0,0,0.0,0,0.0,2,220500000.0,0,0.0,0,0.0,2,164000000.0,0,0.0,0,0.0,494,0.0,0,0.0,0,0.0,0,0.0,3,333333.333333,26,1769230.76923,0,0.0,0,0.0,0,0.0,3,0.0,0,0.0,0,0.0,0,0.0,0,0.0,0,0.0,0,0.0,0,0.0,0,0.0,0,0.0,3,0.0,0,0.0,0,0.0,3,333333.333333,3,333333.333333,3,7666666.66667,3,6333333.33333,7,0.0,26,0.0,0,0.0,0.0199817459836,0.0193085430789,1.28545243757,0.0334496133483,-0.569684200288,-2.44956783205,0.425897291973,2.34902436877,0.383387768189,-25.0,-25.0,0.0,0.0,0.0,0.0,0.0,0.0,0.0,-0.000610169699986,0.000739359557433,-0.002858470051,0.010077646174,-0.0119589807336,-0.0195869147025,0.00756796261501,-0.00363593698235,0.00088168736034,0,0,0,0,0,0,0,0,0,0,0,0,0,0,0,0,1,0,0,0,0,0,0,0,0,0,0,0,0,0,0,0,0,0,0,0,0,0,0,0,0,0,0,0,0,0,0,0,0,0,0,0,0,0,0,0,0,0,0,0,0,0,0,0,1,0,0,0,0,0,0,0,1,0,0,0,0,0,0,0,0,0,0,0,0,0,0,0,0,0,0,0,0,0,0,0,0,0,0,0,0,0,0,0,0,0,0,0,2,0,0,0
0,0.0,0,0.0,0,0.0,3,1000000.0,0,0.0,0,0.0,0,0.0,0,0.0,13,2384615.38462,0,0.0,15,2666666.66667,0,0.0,0,0.0,2,0.0,13,1846153.84615,1,200000000.0,2,183000000.0,0,0.0,0,0.0,0,0.0,0,0.0,2,232500000.0,0,0.0,0,0.0,1,200000000.0,0,0.0,0,0.0,492,0.0,0,0.0,0,0.0,0,0.0,2,500000.0,25,1680000.0,0,0.0,0,0.0,0,0.0,2,0.0,0,0.0,0,0.0,0,0.0,0,0.0,0,0.0,0,0.0,0,0.0,0,0.0,0,0.0,2,0.0,0,0.0,0,0.0,2,1500000.0,2,0.0,2,8500000.0,2,8500000.0,9,0.0,25,0.0,0,0.0,0.0199852234042,0.019379765277,1.18432597335,-0.257995208623,-0.0803853754277,-2.41444163522,0.322424324208,2.10540508177,0.878231194785,-25.0,-25.0,0.0,0.0,0.0,0.0,0.0,0.0,0.0,-0.000568703131119,0.000791209787746,-0.00323328551728,0.00964854354543,-0.0146967569201,-0.0179854217644,0.00772240170611,-0.00423106278609,0.000960167872527,0,0,0,0,0,0,0,0,0,0,0,0,0,0,0,0,0,0,0,0,1,0,0,0,0,0,0,0,1,0,0,0,1,0,0,0,0,0,0,0,0,0,1,0,0,0,0,0,0,0,0,0,0,0,0,0,0,0,0,0,0,0,0,0,0,0,0,0,0,0,0,0,0,0,0,0,0,0,0,0,0,0,0,0,0,0,0,0,0,0,0,0,1,0,0,0,0,0,1,0,1,0,0,0,0,0,0,0,0,0,0,0
0,0.0,0,0.0,0,0.0,2,0.0,0,0.0,0,0.0,0,0.0,0,0.0,12,583333.333333,0,0.0,15,66666.6666667,0,0.0,0,0.0,3,666666.666667,12,583333.333333,1,177000000.0,2,162500000.0,0,0.0,0,0.0,0,0.0,0,0.0,3,207000000.0,0,0.0,0,0.0,2,153000000.0,0,0.0,0,0.0,492,0.0,0,0.0,0,0.0,0,0.0,3,-2000000.0,24,250000.0,0,0.0,0,0.0,0,0.0,2,0.0,0,0.0,0,0.0,0,0.0,0,0.0,0,0.0,0,0.0,0,0.0,0,0.0,0,0.0,3,-333333.333333,0,0.0,0,0.0,3,-3000000.0,3,666666.666667,4,4250000.0,3,3333333.33333,14,0.0,24,0.0,0,0.0,0.0199844682584,0.019454344768,1.11053730523,-0.470657981696,0.276650757872,-2.38881371724,0.246924700737,1.9276429249,1.23930444787,-25.0,-25.0,0.0,0.0,0.0,0.0,0.0,0.0,0.0,0.000148621023434,0.000182429129013,-0.00292551873425,0.00699268502202,-0.00870811299716,-0.0195360408107,0.00964183688247,-0.0044072968788,0.000384819130377,0,0,0,0,0,0,1,0,0,0,0,0,0,0,0,0,1,0,0,0,0,0,0,0,0,0,1,0,0,0,0,0,0,0,0,0,0,0,0,0,0,0,0,0,0,0,0,0,0,0,0,0,0,0,0,0,0,0,0,0,0,0,2,0,1,0,0,0,0,0,0,0,0,0,0,0,0,0,0,0,0,0,0,0,0,0,0,0,0,0,0,0,1,0,0,0,0,0,1,0,1,0,0,0,0,0,0,0,2,0,0,0
0,0.0,0,0.0,0,0.0,3,3000000.0,0,0.0,0,0.0,0,0.0,0,0.0,13,1692307.69231,0,0.0,15,2000000.0,0,0.0,0,0.0,2,500000.0,13,1692307.69231,2,183500000.0,2,203500000.0,0,0.0,0,0.0,0,0.0,0,0.0,2,257000000.0,0,0.0,0,0.0,2,186000000.0,0,0.0,0,0.0,492,0.0,0,0.0,0,0.0,0,0.0,2,-9500000.0,25,2080000.0,0,0.0,1,0.0,1,0.0,1,0.0,0,0.0,0,0.0,0,0.0,0,0.0,0,0.0,0,0.0,0,0.0,0,0.0,0,0.0,3,-6333333.33333,0,0.0,0,0.0,2,0.0,2,-1500000.0,8,4125000.0,8,4125000.0,2,0.0,25,0.0,0,0.0,0.0199841799292,0.019524560747,1.0844825765,-0.545749883811,0.402721996318,-2.37976501782,0.220266067605,1.86487494927,1.36679970507,-25.0,-25.0,0.0,0.0,0.0,0.0,0.0,0.0,0.0,0.000339754980446,-8.20642611007e-05,-0.00269828396028,0.00557549349106,-0.00514369618912,-0.0206257734775,0.0106736578277,-0.00446243117041,0.000137817525544,0,0,0,0,0,0,0,0,0,0,0,0,0,0,0,0,0,0,0,0,0,0,0,0,0,0,0,0,1,0,0,0,0,0,0,0,0,0,0,0,0,0,0,0,0,0,0,0,0,0,0,0,0,0,0,0,0,0,0,0,0,0,0,0,0,0,0,0,1,0,0,0,0,0,0,0,0,0,0,0,0,0,0,0,0,0,0,0,0,0,0,0,0,0,0,0,0,0,0,0,0,0,0,0,0,0,0,0,0,0,0,0
0,0.0,0,0.0,0,0.0,2,-500000.0,0,0.0,0,0.0,0,0.0,0,0.0,12,83333.3333333,1,0.0,14,714285.714286,1,0.0,1,0.0,6,0.0,12,250000.0,2,135000000.0,2,146000000.0,0,0.0,0,0.0,0,0.0,0,0.0,2,238000000.0,0,0.0,0,0.0,2,136000000.0,0,0.0,0,0.0,501,0.0,2,0.0,1,0.0,1,0.0,5,0.0,25,240000.0,1,0.0,2,1000000.0,1,2000000.0,2,0.0,0,0.0,0,0.0,0,0.0,0,0.0,0,0.0,0,0.0,1,0.0,0,0.0,0,0.0,5,600000.0,0,0.0,0,0.0,3,-333333.333333,3,-333333.333333,17,1882352.94118,17,1882352.94118,10,0.0,25,0.0,0,0.0,0.019984867851,0.0196747944196,1.08309659903,-0.549637867686,0.409379664678,-2.37930059281,0.218972853515,1.86158150105,1.37364505285,-25.0,-25.0,0.0,0.0,0.0,0.0,0.0,0.0,0.0,0.00052200284535,0.000123772472509,-0.00268361341876,0.00549623534812,-0.00495206610171,-0.0206974021955,0.0107465577464,-0.00448081050944,0.000113095008887,0,0,0,0,0,0,0,0,0,0,0,0,0,0,0,0,0,0,1,0,0,0,0,0,0,0,0,0,0,0,0,0,0,0,0,0,0,0,0,0,0,0,0,0,0,0,0,0,0,0,0,0,0,0,0,0,1,0,1,0,1,0,0,0,1,0,0,0,0,0,0,0,0,0,0,0,0,0,0,0,0,0,0,0,0,0,1,0,0,0,0,0,0,0,0,0,0,0,0,0,0,0,0,0,0,0,0,0,2,0,0,0
0,0.0,0,0.0,0,0.0,3,2333333.33333,0,0.0,0,0.0,0,0.0,0,0.0,13,384615.384615,1,0.0,15,1066666.66667,1,0.0,1,1000000.0,5,400000.0,13,384615.384615,3,114000000.0,3,120666666.667,0,0.0,0,0.0,0,0.0,0,0.0,2,176500000.0,0,0.0,0,0.0,3,114000000.0,0,0.0,0,0.0,500,0.0,2,2000000.0,1,0.0,1,2000000.0,4,500000.0,25,600000.0,1,0.0,1,0.0,0,0.0,2,0.0,0,0.0,0,0.0,0,0.0,0,0.0,0,0.0,0,0.0,1,0.0,0,0.0,0,0.0,3,0.0,0,0.0,0,0.0,2,0.0,2,0.0,12,2166666.66667,12,2166666.66667,6,0.0,25,0.0,0,0.0,0.0199850317507,0.0198656982424,1.11635458482,-0.539067467222,0.421842494684,-2.38010374148,0.219010914279,1.87363198183,1.41863950156,-25.0,-25.0,0.0,0.0,0.0,0.0,0.0,0.0,0.0,0.000502491665065,-0.000236061479982,-0.00268159919268,0.00553989842766,-0.00489841192158,-0.0208182971876,0.0107518558367,-0.00448550709399,0.000109403252774,0,0,0,0,0,0,0,0,0,0,0,0,0,0,0,0,1,0,0,0,1,0,0,0,0,0,0,0,1,0,0,0,0,0,0,0,0,0,0,0,0,0,0,0,0,0,0,0,0,0,0,0,0,0,0,0,0,0,0,0,1,0,0,0,0,0,0,0,1,0,0,0,0,0,0,0,0,0,0,0,0,0,0,0,0,0,0,0,0,0,0,0,1,0,0,0,0,0,0,0,0,0,0,0,0,0,0,0,0,0,0,0
1,0.0,1,0.0,0,0.0,3,2000000.0,0,0.0,0,0.0,0,0.0,0,0.0,12,166666.666667,0,0.0,3,5333333.33333,0,0.0,1,7000000.0,4,3000000.0,12,250000.0,2,188500000.0,2,204000000.0,0,0.0,0,0.0,0,0.0,0,0.0,2,224500000.0,0,0.0,0,0.0,2,189000000.0,0,0.0,0,0.0,498,0.0,2,3000000.0,1,1000000.0,1,5000000.0,5,800000.0,25,1360000.0,1,0.0,2,500000.0,1,0.0,2,0.0,0,0.0,0,0.0,0,0.0,0,0.0,0,0.0,0,0.0,1,1000000.0,0,0.0,0,0.0,5,1200000.0,0,0.0,0,0.0,3,1000000.0,3,333333.333333,12,1666666.66667,13,1615384.61538,19,0.0,25,0.0,0,0.0,0.0200610150065,0.0200198522219,1.81066830352,-0.308922608056,0.697067097511,-2.39711317556,0.214461840827,2.1391722509,2.3081057554,-21.0103312799,-21.0152316241,0.0,0.0,0.0,0.0,0.0,0.0,0.0,0.00492526719255,0.00114201280077,-0.00126093690734,0.00574148166487,-0.00430499170666,-0.0216328715932,0.0101018164268,-0.00437276670289,-2.43025854521e-05,1,0,1,0,0,0,1,0,0,0,0,0,0,0,0,0,0,0,0,0,0,0,0,0,1,0,1,0,0,0,0,0,0,0,0,0,0,0,0,0,0,0,0,0,0,0,0,0,0,0,0,0,0,0,0,0,0,0,0,0,0,0,2,2,1,0,0,0,0,0,1,0,0,0,0,0,0,0,0,0,0,0,0,0,0,0,1,0,0,0,0,0,1,0,0,0,0,0,2,0,2,0,0,0,0,0,0,0,2,0,0,0
9,888888.888889,0,0.0,1,1000000.0,4,500000.0,0,0.0,0,0.0,0,0.0,0,0.0,12,3250000.0,0,0.0,0,0.0,0,0.0,0,0.0,2,7500000.0,12,3250000.0,1,254000000.0,1,305000000.0,0,0.0,0,0.0,0,0.0,0,0.0,2,329000000.0,0,0.0,0,0.0,1,254000000.0,0,0.0,0,0.0,483,0.0,1,0.0,0,0.0,1,0.0,3,666666.666667,24,2958333.33333,0,0.0,0,0.0,0,0.0,2,0.0,0,0.0,0,0.0,0,0.0,0,0.0,0,0.0,0,0.0,0,0.0,0,0.0,0,0.0,2,-5500000.0,0,0.0,0,0.0,2,1000000.0,2,500000.0,4,7750000.0,4,7750000.0,3,0.0,25,0.0,0,0.0,0.0305021574481,0.0307978163092,2.06591140742,-0.242022149652,0.777073931245,-2.40205349318,0.213137277997,2.21636394522,2.69896408907,0.0239339018539,0.024568471459,0.0,0.0,0.0,0.0,0.0,0.0,0.0,0.0258991396196,0.022734273495,-0.000306290981629,0.00547510162221,-0.00418390231293,-0.0210199294663,0.00948662970541,-0.00427782691417,-3.86210227844e-05,0,0,0,0,1,0,0,0,0,0,0,0,0,0,0,0,1,0,0,0,0,0,0,0,0,0,0,0,1,0,0,0,0,0,0,0,0,0,0,0,0,0,0,0,0,0,0,0,0,0,0,0,0,0,0,0,0,0,0,0,0,0,0,0,0,0,0,0,0,0,0,0,0,0,0,0,0,0,0,0,0,0,0,0,0,0,0,0,0,0,0,0,0,0,0,0,0,0,0,0,0,0,0,0,0,0,0,0,0,0,0,0
0,0.0,0,0.0,0,0.0,2,1000000.0,0,0.0,0,0.0,0,0.0,0,0.0,13,3615384.61538,0,0.0,14,3142857.14286,1,0.0,0,0.0,4,5250000.0,13,3615384.61538,2,205500000.0,2,234000000.0,0,0.0,0,0.0,0,0.0,0,0.0,1,258000000.0,0,0.0,0,0.0,2,209500000.0,0,0.0,0,0.0,516,0.0,1,0.0,1,0.0,0,0.0,4,-1750000.0,26,3038461.53846,1,0.0,0,0.0,0,0.0,2,0.0,0,0.0,0,0.0,0,0.0,0,0.0,0,0.0,0,0.0,0,0.0,0,0.0,0,0.0,3,-1000000.0,0,0.0,0,0.0,3,4333333.33333,3,3666666.66667,6,4333333.33333,6,4333333.33333,7,0.0,25,0.0,0,0.0,0.0333660295363,0.0335222992505,2.06621314942,-0.244023425911,0.776395772836,-2.40073298868,0.213478548931,2.21372899094,2.69841510227,4.02340472868e-05,-1.94805676607e-05,0.0,0.0,0.0,0.0,0.0,0.0,0.0,0.00201233610109,-0.0019864972379,-0.000300132207611,0.00545590555295,-0.00413751860422,-0.0210151342174,0.00949399700518,-0.00428101466594,-3.90859165062e-05,0,0,0,0,0,0,0,0,0,0,0,0,0,0,0,0,0,0,0,0,0,0,1,0,0,0,0,0,0,0,0,0,0,0,0,0,0,0,0,0,0,0,0,0,0,0,0,0,0,0,0,0,0,0,0,0,0,0,0,0,0,0,0,0,1,0,0,0,0,0,0,0,1,0,0,0,0,0,0,0,0,0,0,0,0,0,0,0,0,0,0,0,0,0,0,0,0,0,0,0,0,0,0,0,0,0,0,0,2,0,0,0
0,0.0,0,0.0,0,0.0,3,333333.333333,0,0.0,0,0.0,0,0.0,0,0.0,13,1692307.69231,0,0.0,15,800000.0,0,0.0,0,0.0,2,500000.0,13,1538461.53846,2,181000000.0,2,197000000.0,0,0.0,0,0.0,0,0.0,0,0.0,2,310000000.0,0,0.0,0,0.0,2,182000000.0,0,0.0,0,0.0,492,0.0,0,0.0,0,0.0,0,0.0,2,-500000.0,25,1200000.0,0,0.0,0,0.0,0,0.0,2,0.0,0,0.0,0,0.0,0,0.0,0,0.0,0,0.0,0,0.0,0,0.0,0,0.0,0,0.0,2,0.0,0,0.0,0,0.0,2,0.0,2,0.0,2,500000.0,2,500000.0,5,0.0,25,0.0,0,0.0,0.0333676956949,0.0335222539017,2.07135079403,-0.270007710704,0.763169997964,-2.37938621691,0.225069276735,2.16995856546,2.6877940817,-1.34774136204e-05,1.21854593085e-05,0.0,0.0,0.0,0.0,0.0,0.0,0.0,0.00201561742174,-0.00201624251311,-0.000253229971877,0.00535938287902,-0.00371958007981,-0.0213012396313,0.00980549002496,-0.00434894323541,-2.31851361842e-05,0,0,0,0,0,0,0,0,0,0,0,0,0,0,0,0,1,0,0,0,1,0,0,0,0,0,0,0,1,0,0,0,0,0,0,0,0,0,0,0,0,0,1,0,0,0,0,0,0,0,0,0,0,0,0,0,0,0,0,0,0,0,0,0,0,0,0,0,0,0,0,0,0,0,0,0,0,0,0,0,0,0,0,0,0,0,0,0,0,0,0,0,1,0,0,0,0,0,0,0,0,0,0,0,0,0,0,0,0,0,0,0
0,0.0,0,0.0,0,0.0,2,0.0,0,0.0,0,0.0,0,0.0,0,0.0,11,2363636.36364,0,0.0,14,5357142.85714,0,0.0,0,0.0,3,5333333.33333,12,2250000.0,1,176000000.0,2,211500000.0,0,0.0,0,0.0,0,0.0,0,0.0,2,266500000.0,0,0.0,0,0.0,1,231000000.0,0,0.0,0,0.0,479,0.0,0,0.0,0,0.0,0,0.0,3,0.0,23,391304.347826,0,0.0,0,0.0,0,0.0,2,0.0,0,0.0,0,0.0,0,0.0,0,0.0,0,0.0,0,0.0,0,0.0,0,0.0,0,0.0,2,0.0,0,0.0,0,0.0,3,-11000000.0,3,-9333333.33333,3,11666666.6667,3,11666666.6667,13,0.0,23,0.0,0,0.0,0.0333660009566,0.0335235360379,2.0783764211,-0.310501197669,0.739751629624,-2.33618213266,0.239592949495,2.09081833341,2.67307089719,-1.59118396148e-05,1.44189360389e-05,0.0,0.0,0.0,0.0,0.0,0.0,0.0,0.00206887954684,-0.00206974862881,-0.000187164752753,0.00520208222485,-0.00307147755835,-0.0216714499125,0.0102960254907,-0.00446602679487,1.25261737895e-06,0,0,0,0,0,0,0,0,0,0,0,0,0,0,0,0,0,0,0,0,0,0,0,0,0,0,1,0,0,0,0,0,0,0,0,0,0,0,0,0,0,0,0,0,0,0,0,0,1,0,0,0,0,0,0,0,0,0,0,0,0,0,0,0,1,0,0,0,0,0,0,0,0,0,0,0,0,0,0,0,0,0,0,0,0,0,0,0,0,0,0,0,0,0,0,0,0,0,2,0,2,0,0,0,1,0,0,0,2,0,0,0
0,0.0,0,0.0,0,0.0,3,666666.666667,0,0.0,0,0.0,0,0.0,0,0.0,13,1384615.38462,0,0.0,16,3250000.0,0,0.0,0,0.0,1,13000000.0,13,1307692.30769,2,178000000.0,2,180500000.0,0,0.0,0,0.0,0,0.0,0,0.0,3,223000000.0,0,0.0,0,0.0,2,180500000.0,0,0.0,0,0.0,468,0.0,0,0.0,0,0.0,0,0.0,2,500000.0,25,2520000.0,0,0.0,0,0.0,0,0.0,2,0.0,0,0.0,0,0.0,0,0.0,0,0.0,0,0.0,0,0.0,0,0.0,0,0.0,0,0.0,2,0.0,0,0.0,0,0.0,2,-500000.0,2,0.0,2,24500000.0,2,24500000.0,6,0.0,26,0.0,0,0.0,0.0333643050288,0.0335248013843,2.08254555502,-0.344572023307,0.71605033002,-2.28194459743,0.247001524209,2.00560479164,2.66296113695,-1.46639004904e-05,1.33140591238e-05,0.0,0.0,0.0,0.0,0.0,0.0,0.0,0.00211849160671,-0.00211923962333,-0.000134518988206,0.00505089745243,-0.00251546018273,-0.0218657097922,0.0107316924244,-0.00458356587522,2.01185209321e-05,0,0,0,0,0,0,1,0,0,0,0,0,0,0,0,0,1,0,0,0,0,0,0,0,0,0,0,0,1,0,0,0,0,0,0,0,0,0,0,0,0,0,0,0,0,0,0,0,0,0,0,0,0,0,0,0,0,0,0,0,0,0,2,0,0,0,0,0,0,0,0,0,0,0,0,0,0,0,0,0,0,0,0,0,0,0,0,0,0,0,0,0,1,0,0,0,0,0,0,0,0,0,0,0,0,0,0,0,0,0,0,0
0,0.0,0,0.0,0,0.0,2,2500000.0,0,0.0,0,0.0,0,0.0,0,0.0,12,1583333.33333,0,0.0,15,1933333.33333,0,0.0,0,0.0,3,1000000.0,12,1500000.0,2,195500000.0,2,210500000.0,0,0.0,0,0.0,0,0.0,0,0.0,1,334000000.0,0,0.0,0,0.0,2,196000000.0,0,0.0,0,0.0,498,0.0,0,0.0,0,0.0,0,0.0,3,-333333.333333,25,1280000.0,0,0.0,0,0.0,0,0.0,2,0.0,0,0.0,0,0.0,0,0.0,0,0.0,0,0.0,0,0.0,0,0.0,0,0.0,0,0.0,3,4000000.0,0,0.0,0,0.0,3,-1000000.0,3,0.0,2,7500000.0,2,7500000.0,5,0.0,25,0.0,0,0.0,0.0333632707809,0.0335255544801,2.08351403305,-0.360857872535,0.702316869109,-2.24374993468,0.248332065949,1.95234839685,2.65908387338,-1.15430195135e-05,1.06514205821e-05,0.0,0.0,0.0,0.0,0.0,0.0,0.0,0.00214642992534,-0.00214673273894,-0.000110538263639,0.00496824177754,-0.0022398145522,-0.0218903935617,0.0109608477211,-0.00465229363991,2.83033658466e-05,0,0,0,0,0,0,0,0,0,0,0,0,0,0,0,0,0,0,0,0,0,0,0,0,0,0,0,0,0,0,0,0,0,0,0,0,0,0,0,0,0,0,0,0,0,0,0,0,0,0,0,0,0,0,0,0,0,0,0,0,0,0,0,0,1,0,0,0,0,0,0,0,0,0,0,0,0,0,0,0,0,0,0,0,0,0,0,0,0,0,0,0,0,0,0,0,0,0,0,0,0,0,0,0,0,0,0,0,2,0,0,0
0,0.0,0,0.0,0,0.0,3,1333333.33333,0,0.0,0,0.0,0,0.0,0,0.0,13,692307.692308,0,0.0,15,666666.666667,0,0.0,0,0.0,2,1000000.0,13,923076.923077,1,194000000.0,1,204000000.0,0,0.0,0,0.0,0,0.0,0,0.0,2,236000000.0,0,0.0,0,0.0,1,194000000.0,0,0.0,0,0.0,502,0.0,0,0.0,0,0.0,0,0.0,2,500000.0,25,1000000.0,0,0.0,0,0.0,0,0.0,2,0.0,0,0.0,0,0.0,0,0.0,0,0.0,0,0.0,0,0.0,0,0.0,0,0.0,0,0.0,2,0.0,0,0.0,0,0.0,2,-500000.0,2,0.0,1,0.0,1,0.0,2,0.0,25,0.0,0,0.0,0.0333624453875,0.0335261822222,2.08288208086,-0.376744920743,0.68494648629,-2.18430294944,0.246727038614,1.8779715766,2.65648627681,-1.54430365099e-05,1.43787692695e-05,0.0,0.0,0.0,0.0,0.0,0.0,0.0,0.0021750661591,-0.00217554361814,-9.34524004371e-05,0.0048658675244,-0.00194634429495,-0.0218017420259,0.0112275559013,-0.0047415642739,3.48334772276e-05,0,0,0,0,0,0,0,0,0,0,0,0,0,0,0,0,1,0,0,0,0,0,0,0,0,0,0,0,1,0,0,0,0,0,0,0,0,0,0,0,0,0,0,0,0,0,0,0,0,0,0,0,0,0,0,0,0,0,0,0,0,0,0,0,0,0,0,0,0,0,0,0,0,0,0,0,0,0,0,0,0,0,0,0,0,0,0,0,0,0,0,0,0,0,0,0,0,0,0,0,0,0,0,0,0,0,0,0,0,0,0,0
0,0.0,0,0.0,0,0.0,2,7000000.0,0,0.0,0,0.0,0,0.0,0,0.0,12,1916666.66667,0,0.0,14,3142857.14286,0,0.0,0,0.0,3,0.0,12,2083333.33333,2,226000000.0,1,250000000.0,0,0.0,0,0.0,0,0.0,0,0.0,2,324500000.0,0,0.0,0,0.0,2,226000000.0,0,0.0,0,0.0,496,0.0,0,0.0,0,0.0,0,0.0,3,-333333.333333,25,1880000.0,0,0.0,0,0.0,0,0.0,2,0.0,0,0.0,0,0.0,0,0.0,0,0.0,0,0.0,0,0.0,0,0.0,0,0.0,0,0.0,3,-333333.333333,0,0.0,0,0.0,3,-666666.666667,3,333333.333333,2,1500000.0,2,1500000.0,10,0.0,24,0.0,0,0.0,0.0333615910428,0.033526812708,2.08149028888,-0.383220068146,0.674854150642,-2.14241435505,0.244115560065,1.82987305284,2.65622048864,-6.36303676111e-06,5.50791909565e-06,0.0,0.0,0.0,0.0,0.0,0.0,0.0,0.00219160794662,-0.00219188414727,-8.45120341856e-05,0.00481274477727,-0.00181222832127,-0.0216806320827,0.0113720441508,-0.00479502544514,3.63236542321e-05,0,0,0,0,0,0,0,0,0,0,0,0,0,0,0,0,0,0,0,0,0,0,0,0,0,0,1,0,0,0,0,0,0,0,0,0,0,0,0,0,0,0,0,0,0,0,0,0,0,0,0,0,0,0,0,0,0,0,0,0,0,0,0,0,1,0,0,0,0,0,0,0,0,0,0,0,0,0,0,0,0,0,0,0,0,0,0,0,0,0,0,0,1,0,0,0,0,0,2,0,2,0,0,0,0,0,0,0,1,0,0,0
0,0.0,0,0.0,0,0.0,3,666666.666667,0,0.0,0,0.0,0,0.0,0,0.0,12,1750000.0,0,0.0,15,1400000.0,0,0.0,0,0.0,2,500000.0,12,1750000.0,2,187000000.0,1,189000000.0,0,0.0,0,0.0,0,0.0,0,0.0,1,307000000.0,0,0.0,0,0.0,1,178000000.0,0,0.0,0,0.0,492,0.0,0,0.0,0,0.0,0,0.0,2,-2500000.0,24,1583333.33333,0,0.0,0,0.0,0,0.0,2,0.0,0,0.0,0,0.0,0,0.0,0,0.0,0,0.0,0,0.0,0,0.0,0,0.0,0,0.0,1,3000000.0,0,0.0,0,0.0,2,-500000.0,2,0.0,2,12500000.0,2,12500000.0,5,0.0,25,0.0,0,0.0,0.0333613142333,0.0335270064632,2.08121064721,-0.383898470775,0.673432483328,-2.1358446502,0.243615139852,1.82263968783,2.65628518638,-1.26214891481e-06,6.83951447735e-07,0.0,0.0,0.0,0.0,0.0,0.0,0.0,0.00219482952636,-0.00219482849549,-8.37481530566e-05,0.00480621168753,-0.00179672276197,-0.0216578782597,0.0113916634394,-0.00480270731419,3.63199607732e-05,0,0,0,0,0,0,1,0,0,0,0,0,0,0,0,0,0,0,0,0,0,0,0,0,0,0,0,0,1,0,0,0,0,0,0,0,0,0,0,0,0,0,0,0,0,0,0,0,0,0,0,0,0,0,0,0,0,0,0,0,0,0,2,0,0,0,0,0,0,0,0,0,0,0,0,0,0,0,0,0,0,0,0,0,0,0,0,0,0,0,0,0,0,0,0,0,0,0,0,0,0,0,0,0,0,0,0,0,1,0,0,0
0,0.0,0,0.0,0,0.0,2,3500000.0,0,0.0,0,0.0,0,0.0,0,0.0,12,250000.0,0,0.0,2,2500000.0,0,0.0,1,0.0,3,666666.666667,12,250000.0,2,145000000.0,2,163000000.0,0,0.0,0,0.0,0,0.0,0,0.0,3,247000000.0,0,0.0,0,0.0,2,145000000.0,0,0.0,0,0.0,499,0.0,1,0.0,0,0.0,1,0.0,4,2250000.0,25,760000.0,0,0.0,2,0.0,1,0.0,1,0.0,0,0.0,0,0.0,0,0.0,0,0.0,0,0.0,0,0.0,0,0.0,0,0.0,0,0.0,4,500000.0,0,0.0,0,0.0,3,0.0,3,0.0,14,1285714.28571,14,1285714.28571,5,0.0,25,0.0,0,0.0,0.0333613029729,0.0335270133934,2.081210656,-0.383898467985,0.673432478912,-2.1358446499,0.243615139932,1.82263968783,2.65628518636,-1.21033339942e-06,6.60423564039e-07,0.0,0.0,0.0,0.0,0.0,0.0,0.0,0.00219511826691,-0.00219508463928,-7.52007429946e-05,0.00480915581221,-0.00180103468598,-0.0216576103926,0.011391749268,-0.00480271145479,3.62959884915e-05,0,0,0,0,0,0,0,0,0,0,0,0,0,0,0,0,0,0,0,0,0,0,0,0,0,0,0,0,0,0,0,0,0,0,0,0,0,0,0,0,0,0,0,0,0,0,0,0,0,0,0,0,0,0,0,0,1,1,0,0,0,0,0,0,1,0,0,0,0,0,0,0,0,0,0,0,0,0,0,0,0,0,0,0,0,0,0,0,0,0,0,0,0,0,0,0,0,0,0,0,0,0,0,0,0,0,0,0,1,0,0,0
0,0.0,0,0.0,0,0.0,3,0.0,0,0.0,0,0.0,0,0.0,0,0.0,13,1461538.46154,0,0.0,12,1500000.0,1,1000000.0,0,0.0,4,750000.0,13,1307692.30769,1,155000000.0,2,173500000.0,0,0.0,0,0.0,0,0.0,0,0.0,2,234500000.0,0,0.0,0,0.0,2,159000000.0,0,0.0,0,0.0,485,0.0,0,0.0,0,0.0,0,0.0,2,0.0,25,1840000.0,1,0.0,1,0.0,0,0.0,3,0.0,0,0.0,0,0.0,0,0.0,0,0.0,0,0.0,0,0.0,0,0.0,0,0.0,0,0.0,2,-5000000.0,0,0.0,0,0.0,2,-12500000.0,2,-13000000.0,5,400000.0,5,400000.0,6,0.0,25,0.0,0,0.0,0.0333597118758,0.0335283335471,2.05894481918,-0.379788641049,0.666227318688,-2.1137543954,0.241014327012,1.80313759403,2.63626705589,6.0241841645e-05,-6.35263507836e-05,0.0,0.0,0.0,0.0,0.0,0.0,0.0,0.00218097335586,-0.00218326588379,-0.000186244375744,0.00487961284744,-0.00198026654859,-0.0215658911888,0.0114141760171,-0.00483296233981,4.00615599264e-05,0,0,0,0,0,0,0,0,0,0,0,0,0,0,0,0,1,0,0,0,0,0,0,0,0,0,0,0,1,0,0,0,0,0,0,0,0,0,0,0,0,0,1,0,0,0,0,0,0,0,0,0,0,0,0,0,0,0,0,0,0,0,0,0,0,0,1,0,0,0,0,0,1,0,0,0,0,0,0,0,0,0,0,0,0,0,0,0,0,0,0,0,0,0,0,0,0,0,0,0,0,0,0,0,0,0,0,0,1,0,0,0
0,0.0,0,0.0,0,0.0,2,500000.0,0,0.0,0,0.0,0,0.0,0,0.0,11,636363.636364,0,0.0,15,533333.333333,0,0.0,0,0.0,3,4666666.66667,11,1000000.0,2,191500000.0,2,213500000.0,0,0.0,0,0.0,0,0.0,0,0.0,2,280500000.0,0,0.0,0,0.0,1,223000000.0,0,0.0,0,0.0,491,0.0,0,0.0,0,0.0,0,0.0,3,1000000.0,24,583333.333333,0,0.0,0,0.0,0,0.0,2,0.0,0,0.0,0,0.0,0,0.0,0,0.0,0,0.0,0,0.0,0,0.0,0,0.0,0,0.0,3,0.0,0,0.0,0,0.0,3,-666666.666667,3,1333333.33333,1,2000000.0,1,2000000.0,12,0.0,24,0.0,0,0.0,0.0333582887239,0.0335289737288,1.85865547946,-0.342840100511,0.601421973435,-1.91494936022,0.217569153507,1.62772987019,2.45619616581,0.000185532526531,-0.00018011681531,0.0,0.0,0.0,0.0,0.0,0.0,0.0,0.00209950419671,-0.00209348456492,-0.00114188919148,0.00557564378917,-0.00362501169582,-0.0204911106366,0.0114570133752,-0.00499885856532,7.6134321675e-05,0,0,0,0,0,0,0,0,0,0,0,0,0,0,0,0,0,0,0,0,1,0,0,0,0,0,0,0,0,0,1,0,0,0,0,0,0,0,0,0,0,0,0,0,0,0,0,0,1,0,0,0,0,0,0,0,0,0,0,0,0,0,0,0,1,0,0,0,0,0,0,0,0,0,0,0,0,0,0,0,0,0,0,0,0,0,0,0,0,0,0,0,1,0,0,0,0,0,1,0,0,0,0,0,1,0,0,0,1,0,0,0
0,0.0,0,0.0,0,0.0,3,333333.333333,0,0.0,0,0.0,0,0.0,0,0.0,13,3153846.15385,0,0.0,15,7666666.66667,0,0.0,0,0.0,2,9000000.0,13,5000000.0,2,190000000.0,1,205000000.0,0,0.0,0,0.0,0,0.0,0,0.0,1,293000000.0,0,0.0,0,0.0,2,190000000.0,0,0.0,0,0.0,459,0.0,0,0.0,0,0.0,0,0.0,2,-1000000.0,25,1960000.0,0,0.0,0,0.0,0,0.0,2,0.0,0,0.0,0,0.0,0,0.0,0,0.0,0,0.0,0,0.0,0,0.0,0,0.0,0,0.0,2,0.0,0,0.0,0,0.0,2,-21000000.0,2,-21000000.0,2,20500000.0,2,21500000.0,10,0.0,25,0.0,0,0.0,0.0334076242442,0.0334906217376,1.45603033842,-0.268570386813,0.471151178284,-1.51528625452,0.170427802106,1.2751265954,2.09421381799,-0.000759663936487,0.000791420946668,0.0,0.0,0.0,0.0,0.0,0.0,0.0,0.00156612071967,-0.00153236397503,-0.00253689597139,0.00645463031783,-0.00636943349057,-0.0173602988991,0.0107723608246,-0.00487558932168,3.25537894666e-05,0,0,0,0,0,0,1,0,0,0,0,0,0,0,0,0,1,0,0,0,0,0,0,0,0,0,1,0,1,0,0,0,0,0,0,0,0,0,0,0,0,0,0,0,0,0,0,0,0,0,0,0,0,0,0,0,0,0,0,0,0,0,1,0,0,0,0,0,0,0,0,0,0,0,0,0,0,0,0,0,0,0,0,0,0,0,0,0,0,0,0,0,1,0,0,0,0,0,1,0,2,0,0,0,0,0,0,0,1,0,0,0
0,0.0,0,0.0,0,0.0,2,500000.0,0,0.0,0,0.0,0,0.0,0,0.0,12,2250000.0,0,0.0,15,1133333.33333,0,0.0,0,0.0,3,333333.333333,12,1583333.33333,1,190000000.0,1,221000000.0,0,0.0,0,0.0,0,0.0,0,0.0,2,284500000.0,0,0.0,0,0.0,1,192000000.0,0,0.0,0,0.0,500,0.0,0,0.0,0,0.0,0,0.0,3,-2666666.66667,25,880000.0,0,0.0,0,0.0,0,0.0,2,0.0,0,0.0,0,0.0,0,0.0,0,0.0,0,0.0,0,0.0,0,0.0,0,0.0,0,0.0,3,-2666666.66667,0,0.0,0,0.0,3,0.0,3,0.0,1,10000000.0,1,11000000.0,5,0.0,25,0.0,0,0.0,0.0334432038099,0.0334656572208,0.944036341105,-0.174127046777,0.305495499975,-1.00705629282,0.110479489658,0.826741390221,1.63390089257,-0.000828882498712,0.000825509269921,0.0,0.0,0.0,0.0,0.0,0.0,0.0,0.000563629817707,-0.000563472773506,-0.002533558185,0.00628944068103,-0.00748500498168,-0.0125390497717,0.0085978496035,-0.00414582773183,-0.000329766783312,0,0,0,0,0,0,0,0,0,0,0,0,0,0,0,0,0,0,0,0,0,0,0,0,0,0,0,0,0,0,0,0,0,0,0,0,0,0,0,0,0,0,0,0,0,0,0,0,0,0,0,0,0,0,0,0,0,0,0,0,0,0,1,0,1,0,0,0,0,0,0,0,0,0,0,0,0,0,0,0,0,0,0,0,0,0,0,0,0,0,0,0,0,0,0,0,0,0,0,0,0,0,0,0,0,0,0,0,1,0,0,0
0,0.0,0,0.0,0,0.0,3,1333333.33333,0,0.0,0,0.0,0,0.0,0,0.0,13,4769230.76923,0,0.0,15,3600000.0,0,0.0,0,0.0,2,0.0,13,4769230.76923,2,220000000.0,2,222000000.0,0,0.0,0,0.0,0,0.0,0,0.0,2,287500000.0,0,0.0,0,0.0,2,220000000.0,0,0.0,0,0.0,442,0.0,0,0.0,0,0.0,0,0.0,2,-11500000.0,25,3760000.0,0,0.0,0,0.0,0,0.0,2,0.0,0,0.0,0,0.0,0,0.0,0,0.0,0,0.0,0,0.0,0,0.0,0,0.0,0,0.0,2,-11500000.0,0,0.0,0,0.0,2,-1000000.0,2,-500000.0,3,7666666.66667,3,7666666.66667,4,0.0,22,0.0,0,0.0,0.033413516973,0.0334886499289,0.472766474577,-0.0871966572586,0.153018356407,-0.539250184195,0.0552981227908,0.414020312193,1.2102002598,0.000516139927894,-0.000533030544521,0.0,0.0,0.0,0.0,0.0,0.0,0.0,0.000109390205539,-0.000124936818377,-0.00122738850413,0.00499356673115,-0.00585003792643,-0.00850811455095,0.00539047984187,-0.00287844060356,-0.000605629485335,0,0,0,0,0,0,0,0,0,0,0,0,0,0,0,0,1,0,0,0,0,0,0,0,0,0,0,0,1,0,0,0,0,0,0,0,0,0,0,0,0,0,0,0,0,0,0,0,0,0,0,0,0,0,0,0,0,0,0,0,0,0,0,0,0,0,0,0,0,0,0,0,0,0,0,0,0,0,0,0,0,0,0,0,0,0,0,0,0,0,0,0,0,0,0,0,0,0,0,0,0,0,1,0,0,0,0,0,1,0,0,0
0,0.0,0,0.0,0,0.0,2,19000000.0,0,0.0,0,0.0,0,0.0,0,0.0,12,2083333.33333,0,0.0,15,3533333.33333,0,0.0,0,0.0,3,3000000.0,12,1750000.0,1,288000000.0,1,288000000.0,0,0.0,0,0.0,0,0.0,0,0.0,1,409000000.0,0,0.0,0,0.0,1,288000000.0,0,0.0,0,0.0,482,0.0,0,0.0,0,0.0,0,0.0,3,1333333.33333,25,2560000.0,0,0.0,0,0.0,0,0.0,2,0.0,0,0.0,0,0.0,0,0.0,0,0.0,0,0.0,0,0.0,0,0.0,0,0.0,0,0.0,3,0.0,0,0.0,0,0.0,3,3666666.66667,3,333333.333333,1,29000000.0,1,29000000.0,7,0.0,25,0.0,0,0.0,0.0334133392332,0.0334875186094,0.130797489102,-0.024117777851,0.0423773307471,-0.199794207062,0.0152566337968,0.114536647519,0.902749426479,0.00056931049346,-0.000560596091442,0.0,0.0,0.0,0.0,0.0,0.0,0.0,6.47692418495e-05,-5.53245986298e-05,-0.000231886320371,0.00336128307511,-0.00322116955329,-0.00522084906599,0.00300243357098,-0.00153221477831,-0.000419131741857,0,0,0,0,0,0,0,0,0,0,0,0,0,0,0,0,0,0,0,0,1,0,0,0,0,0,0,0,0,0,0,0,0,0,0,0,0,0,0,0,0,0,0,0,0,0,0,0,0,0,0,0,0,0,0,0,0,0,0,0,0,0,0,0,1,0,0,0,0,0,0,0,0,0,0,0,0,0,0,0,0,0,0,0,0,0,0,0,0,0,0,0,1,0,0,0,0,0,1,0,0,0,0,0,0,0,0,0,1,0,0,0
